name,year,month
フォーミダブル,2022,12
鷺沢 文香　潮風の一頁Ver.,2022,12
キャスター／紫式部,2022,12
桑山 千雪　よそゆき顔のセレナーデVer.,2022,11
アヴェンジャー／ジャンヌ・ダルク〔オルタ〕,2022,10
アヴェンジャー／ジャンヌ・ダルク〔オルタ〕,2019,10
ジャベリン　ビーチピクニック！Ver.,2022,10
ミリム・ナーヴァ,2022,10
ベルファスト　彩雲の薔薇Ver.,2022,9
バーサーカー／宮本 武蔵,2022,8
シリアス　青雲映す碧波Ver.,2022,8
ル・トリオンファン,2022,7
ル・トリオンファン　軽装Ver.,2022,7
ブラックハート,2022,5
ブラックハート,2015,11
パープルハート,2022,5
パープルハート,2018,4
ソフィー（ソフィー・ノイエンミュラー）,2022,5
時崎 狂三,2022,5
時崎 狂三,2019,12
アスナ　ウンディーネVer.,2022,5
栗花落 カナヲ,2022,5
空 銀子　猫耳姉弟子Ver.,2022,5
セントルイス,2023,6
セントルイス,2022,3
セントルイス　軽装Ver.,2023,6
セントルイス　軽装Ver.,2022,3
食蜂 操祈　スク水ニーソVer.,2022,3
アスナ,2022,3
アスナ,2018,11
リラ（リラ・ディザイアス）,2022,3
プリンツ・オイゲン,2023,5
プリンツ・オイゲン,2022,1
神谷 奈緒　一陣の情熱Ver.,2022,1
プラフタ,2022,1
プラフタ,2018,7
ハチロク　水着Ver.,2022,1
冬坂 五百里,2023,12
ランサー／謎のアルターエゴ・Λ,2023,11
ポーラ　水辺のハプニング？Ver.,2023,11
愛宕＆高雄　レースクイーンVer.,2023,10
愛宕　凄艶のマックススピードVer.,2023,10
高雄　魅惑のフルドライブVer.,2023,10
愛宕　真夏の行進曲Ver.,2023,9
愛宕　真夏の行進曲Ver.,2020,6
高雄　砂浜ラプソディVer.,2023,9
高雄　砂浜ラプソディVer.,2020,10
ボルチモア　エースの放課後Ver.,2023,9
ライザ（ライザリン・シュタウト）,2023,9
シュヴァルツ　昇進２Ver.,2023,9
吾妻　語らいの春霞Ver.,2023,8
吾妻　語らいの春霞 軽装Ver.,2023,8
芹沢 あさひ　空と青とアイツVer.,2023,7
ルプスレギナ・ベータ　so-bin Ver.,2023,7
速水 奏　ミスティック・ドーンVer.,2023,6
速水 奏　ミスティック・ドーンVer.,2020,6
セントルイス,2023,6
セントルイス,2022,3
セントルイス　軽装Ver.,2023,6
セントルイス　軽装Ver.,2022,3
プリンツ・オイゲン,2023,5
プリンツ・オイゲン,2022,1
ムーンキャンサー／BB　南国小麦色Ver.,2023,5
ムーンキャンサー／BB　小悪魔たまご肌Ver.,2023,5
フランドール・スカーレット,2023,5
スカサハ　刺し穿つバニーVer.,2023,4
スカサハ　刺し穿つバニーVer.,2020,7
【EVA GLOBAL】アヤナミレイ（仮称）Millennials Illust Ver. フィギュア,2023,4
ホノルル,2023,4
ホノルル　軽装Ver.,2023,4
宮本 フレデリカ　フレ・デ・ラ・モードVer.,2023,3
加藤恵　Memorial Ver.,2023,3
グラーフ・ツェッペリン　砂浜のウルズVer.,2023,1
ボルチモア,2023,1
ボルチモア　軽装Ver.,2023,1
空の律者　キアナ,2021,12
ユウキ,2021,12
胡蝶 しのぶ,2021,9
シノン,2021,9
シノン,2018,10
宮本 武蔵　私服Ver.,2021,8
アスナ　GGO Ver.,2021,8
セイバー／アルトリア・ペンドラゴン［オルタ］　ドレスVer.,2021,7
セイバー／アルトリア・ペンドラゴン［オルタ］　ドレスVer.,2019,7
セイバー／アルトリア・ペンドラゴン［オルタ］　ドレスVer.,2017,2
春日野 穹　Ending Ver.,2021,7
籾岡 里紗,2021,7
アルターエゴ／メルトリリス,2021,7
桐須 真冬　競泳水着Ver.,2021,6
モモ・ベリア・デビルーク　パジャマVer.,2021,6
古手川 唯,2021,5
古手川 唯,2016,1
ライダー／アルトリア・ペンドラゴン［オルタ］,2021,5
アリス,2021,4
島村 卯月　はじけて♪サマーVer.,2021,2
島村 卯月　はじけて♪サマーVer.,2018,8
志摩 リン with スクーター,2021,2
鷹富士 茄子　強運の才女Ver.,2020,11
高雄　砂浜ラプソディVer.,2023,9
高雄　砂浜ラプソディVer.,2020,10
五十鈴 れん,2020,9
マスターアルトリア,2020,9
マスターアルトリア,2016,7
スカサハ　刺し穿つバニーVer.,2023,4
スカサハ　刺し穿つバニーVer.,2020,7
愛宕　真夏の行進曲Ver.,2023,9
愛宕　真夏の行進曲Ver.,2020,6
速水 奏　ミスティック・ドーンVer.,2023,6
速水 奏　ミスティック・ドーンVer.,2020,6
津島 善子,2020,5
高坂 穂乃果　ホワイトデー編,2020,5
テイルズ オブ ベルセリア　ベルベット・クラウ,2020,5
塩見 周子　ブルー・ホライゾンVer.,2020,5
佐々木 千枝　パーティータイム・ゴールドVer.,2020,4
西連寺 春菜,2020,1
時崎 狂三,2022,5
時崎 狂三,2019,12
ヴァンパイア,2019,12
園田 海未　ホワイトデー編,2019,12
南 ことり　ホワイトデー編,2019,11
二宮 飛鳥　《偶像》のフラグメントVer.,2019,11
アヴェンジャー／ジャンヌ・ダルク〔オルタ〕,2022,10
アヴェンジャー／ジャンヌ・ダルク〔オルタ〕,2019,10
時崎 狂三,2022,5
時崎 狂三,2019,12
ヴァンパイア,2019,12
園田 海未　ホワイトデー編,2019,12
南 ことり　ホワイトデー編,2019,11
二宮 飛鳥　《偶像》のフラグメントVer.,2019,11
アヴェンジャー／ジャンヌ・ダルク〔オルタ〕,2022,10
アヴェンジャー／ジャンヌ・ダルク〔オルタ〕,2019,10
式波・アスカ・ラングレー　ジャージVer.,2019,10
式波・アスカ・ラングレー　ジャージVer.,2015,5
式波・アスカ・ラングレー　ジャージVer.,2014,10
赤城 みりあ　パーティータイム・ゴールドVer.,2019,8
セイバー／アルトリア・ペンドラゴン［オルタ］　ドレスVer.,2021,7
セイバー／アルトリア・ペンドラゴン［オルタ］　ドレスVer.,2019,7
セイバー／アルトリア・ペンドラゴン［オルタ］　ドレスVer.,2017,2
マシュ・キリエライト,2019,7
宮内 レミィ,2019,7
国木田 花丸　制服Ver.,2019,6
セイバー　着物ドレスVer.,2019,6
乙倉 悠貴　カム・ウィズミー！Ver.,2019,6
テレサ・テスタロッサ　メイドVer.,2019,5
テイルズ オブ ゼスティリア　エドナ,2019,4
テイルズ オブ ゼスティリア　エドナ,2016,11
ナーベラル・ガンマ　so-bin Ver.,2019,4
黒咲 芽亜,2019,3
黒咲 芽亜,2016,5
アルル・ナジャ,2019,3
結城 美柑　スク水Ver.,2019,1
結城 美柑　スク水Ver.,2015,1
矢澤 にこ＆西木野 真姫　バレンタイン編,2019,1
猫又お恋,2018,12
足利 茶々丸,2018,12
アスナ,2022,3
アスナ,2018,11
魔王ルシ子,2018,11
シノン,2021,9
シノン,2018,10
松浦 果南　ウェットスーツVer.,2018,10
金色の闇　ナースVer.,2018,9
島村 卯月　はじけて♪サマーVer.,2021,2
島村 卯月　はじけて♪サマーVer.,2018,8
グウェンドリン　レイヴスラシルVer.,2018,8
雁淵 ひかり,2018,8
プラフタ,2022,1
プラフタ,2018,7
スカサハ　部屋着モード,2018,6
一ノ瀬 志希　パフュームトリッパーVer.,2018,6
星空 凛　3月編,2018,5
小泉 花陽　3月編,2018,5
パープルハート,2022,5
パープルハート,2018,4
鷺沢 文香　ブライトメモリーズVer.,2018,4
双葉 杏　なまけものフェアリーVer.,2018,4
ララ・サタリン・デビルーク　メイドVer.,2018,3
神崎 蘭子　薔薇の闇姫Ver.,2018,2
ライダー／アルトリア・ペンドラゴン［サンタオルタ］,2018,2
輿水 幸子　自称・カンペキVer.,2018,2
水戸 郁魅,2018,1
絢瀬 絵里,2017,12
南 ことり,2017,11
南 ことり,2015,8
ゲルトルート・バルクホルン　ジェットストライカーVer.,2017,11
メンタルモデル・タカオ　オーバーニーVer.,2017,11
高坂 穂乃果,2017,10
園田 海未,2017,8
アナスタシア　Memories Ver.,2017,8
神崎 蘭子　Memories Ver.,2017,7
東郷 美森,2017,6
新田 美波　Memories Ver.,2017,5
ラウラ＆シャル　ネコミミパジャマ,2017,5
Fate/EXTRA セイバーエクストラ　水着Ver.,2017,5
Fate/EXTRA セイバーエクストラ　水着Ver.,2015,10
安原 絵麻,2017,4
ヒロインX,2017,4
ヒロインX,2016,1
春日野 穹　-Bunny Style-,2017,4
紺菊,2017,4
紺菊,2013,5
弓弦葉,2017,3
百姫　～OIRONAOSHI～,2017,3
セイバー／アルトリア・ペンドラゴン［オルタ］　ドレスVer.,2021,7
セイバー／アルトリア・ペンドラゴン［オルタ］　ドレスVer.,2019,7
セイバー／アルトリア・ペンドラゴン［オルタ］　ドレスVer.,2017,2
小泉 花陽,2016,12
テイルズ オブ ゼスティリア　エドナ,2019,4
テイルズ オブ ゼスティリア　エドナ,2016,11
西木野 真姫,2016,9
多田 李衣菜,2016,9
前川 みく,2016,8
東條 希,2016,8
マスターアルトリア,2020,9
マスターアルトリア,2016,7
矢澤 にこ,2016,6
千斗 いすず,2016,6
黒咲 芽亜,2019,3
黒咲 芽亜,2016,5
サーニャ＆エイラ　水着Ver.,2016,5
春日野 穹　黒チャイナドレスVer.,2016,5
春日野 穹　黒チャイナドレスVer.,2015,3
シャーロット・E・イェーガー　Ver.2,2016,4
ベルベットwithコルネリウス,2016,4
グウェンドリン,2016,4
グウェンドリン,2010,11
グウェンドリン,2008,12
メルセデス,2016,4
メルセデス,2010,10
メルセデス,2010,5
谷川 柑菜　水着Ver.,2016,3
メンタルモデル・ハルナ,2016,3
絢瀬 絵里　水着Ver.,2016,3
めんま,2016,3
めんま,2012,10
古手川 唯,2021,5
古手川 唯,2016,1
ヒロインX,2017,4
ヒロインX,2016,1
エイリアス,2016,1
後藤又兵衛　剣姫Ver.,2016,1
マルチナ・クレスピ,2016,1
ローナ　水着Ver.,2015,12
テイルズ オブ ゼスティリア　アリーシャ,2015,12
テイルズ オブ ゼスティリア　アリーシャ,2015,3
ブラックハート,2022,5
ブラックハート,2015,11
フェイト・テスタロッサ　ブレイズフォーム　‐Full Drive‐,2015,11
星空 凛,2015,11
結城 友奈,2015,11
千姫　サディスティック・サキュバスVer.,2015,11
Fate/EXTRA セイバーエクストラ　水着Ver.,2017,5
Fate/EXTRA セイバーエクストラ　水着Ver.,2015,10
桐崎 千棘,2015,10
プラーミャ様,2015,9
結城 美柑,2015,9
結城 美柑,2014,8
南 ことり,2017,11
南 ことり,2015,8
西木野 真姫　水着Ver.,2015,7
忍野 忍,2015,7
セルティ・ストゥルルソン,2015,7
セルティ・ストゥルルソン,2012,7
μ-No.12-（ミュー・テュエルブ）,2015,6
宝蔵院胤舜,2015,6
式波・アスカ・ラングレー　ジャージVer.,2019,10
式波・アスカ・ラングレー　ジャージVer.,2015,5
式波・アスカ・ラングレー　ジャージVer.,2014,10
ベートーヴェン,2015,5
ハイデマリー・W・シュナウファー,2015,5
春日野 穹　黒チャイナドレスVer.,2016,5
春日野 穹　黒チャイナドレスVer.,2015,3
テイルズ オブ ゼスティリア　アリーシャ,2015,12
テイルズ オブ ゼスティリア　アリーシャ,2015,3
シャルロット＆セシリア　水着Ver.,2015,2
メフメラ,2015,2
アリシア・ハート,2015,2
結城 美柑　スク水Ver.,2019,1
結城 美柑　スク水Ver.,2015,1
ラビリス,2015,1
春日野 穹　チャイナドレスVer.,2014,11
星月・フェラーリ,2014,11
式波・アスカ・ラングレー　ジャージVer.,2019,10
式波・アスカ・ラングレー　ジャージVer.,2015,5
式波・アスカ・ラングレー　ジャージVer.,2014,10
The Muse of Range Murata,2014,10
八神はやて　-Summer holiday-,2014,9
宮藤 芳佳　Ver.1.5,2014,9
すーぱーそに子　水着サンタVer.,2014,9
春日野 穹,2014,9
春日野 穹,2011,11
結城 美柑,2015,9
結城 美柑,2014,8
八神はやて　-Zur Zeit des Erwachens-,2014,8
シグナム　-Der Stolz sogar eines Ritters-,2014,7
一色 あかね,2014,7
飛鳥　命駆Ver.,2014,7
リネット・ビショップ,2014,7
フランチェスカ・ルッキーニ,2014,6
アティ,2014,6
ペリーヌ・クロステルマン,2014,5
桐ヶ谷 直葉,2014,5
鹿角,2014,4
小鳥遊 美羽,2014,4
谷川 柑菜,2014,4
坂本 美緒,2014,3
坂本 美緒,2011,12
テイルズ オブ ヴェスペリア　エステリーゼ・シデス・ヒュラッセイン,2014,2
セイバーオルタ　水着Ver.,2014,1
ディズィー,2014,1
ディズィー,2011,12
ディズィー,2011,4
高町なのは　水着Ver.,2013,12
サーニャ・V・リトヴャク　ロケットブースターVer.,2013,12
アインハルト・ストラトス,2013,12
メルティ,2013,12
メルティ　クリスマスVer.,2013,12
阿万音 鈴羽＆マウンテンバイク,2013,11
千反田 える,2013,11
セイバー　ドレスコード,2013,9
蒼崎 橙子,2013,9
ブラック羽川,2013,9
ブラック羽川,2011,10
高町なのは　-Summer holiday-,2013,8
高町なのは　-Summer holiday-,2012,5
パンティ,2013,8
パンティ,2012,6
Xenosaga Ⅲ　KOS-MOS　水着Ver.,2013,8
Xenosaga Ⅲ　KOS-MOS　水着Ver.,2009,1
直江兼続,2013,8
直江兼続,2012,2
プリンセス・オブ・ザ・クリスタル,2013,7
スキャンティ,2013,7
ミスティ,2013,6
赤座 あかり,2013,6
千石 撫子,2013,6
柳生十兵衛,2013,6
柳生十兵衛,2010,8
柳生十兵衛,2009,10
ゲルトルート・バルクホルン,2013,6
ゲルトルート・バルクホルン,2012,4
紺菊,2017,4
紺菊,2013,5
ラウラ・ボーデヴィッヒ　メイドVer.,2013,5
ハンナ・ユスティーナ・マルセイユ,2013,5
魔女っ娘ミラクるん,2013,4
シャルロット・デュノア　ジャージVer.,2013,4
シャルロット・デュノア　ジャージVer.,2012,4
柳生義仙,2013,3
松前 緒花,2013,3
エーリカ・ハルトマン,2013,3
エイラ・イルマタル・ユーティライネン,2013,3
エイラ・イルマタル・ユーティライネン,2012,3
真鍋 和,2013,2
百姫,2013,1
百姫,2010,7
テイルズ オブ エクシリア　ミラ＝マクスウェル,2012,12
めんま,2016,3
めんま,2012,10
ストッキング,2012,10
四方堂 ナリカ　超昂閃忍Ver.,2012,10
四方堂 ナリカ　超昂閃忍Ver.,2009,8
ALVIS & LAVIE BY LASTEXILE,2012,9
ニーソックス,2012,9
フェイト・T・ハラオウン　-Summer holiday-,2012,9
セイバー　メイドVer. R,2012,8
セルティ・ストゥルルソン,2015,7
セルティ・ストゥルルソン,2012,7
テイルズ オブ ヴェスペリア　リタ・モルディオ,2012,7
パンティ,2013,8
パンティ,2012,6
種島 ぽぷら,2012,6
モモ・ベリア・デビルーク,2012,6
バディ,2012,6
バディ,2010,11
高町なのは　-Summer holiday-,2013,8
高町なのは　-Summer holiday-,2012,5
セルベリア・ブレス　水着Ver.,2012,5
ルイズ　ゴスパンクVer.,2012,5
ルイズ　ゴスパンクVer.,2009,4
ゲルトルート・バルクホルン,2013,6
ゲルトルート・バルクホルン,2012,4
シャルロット・デュノア　ジャージVer.,2013,4
シャルロット・デュノア　ジャージVer.,2012,4
エイラ・イルマタル・ユーティライネン,2013,3
エイラ・イルマタル・ユーティライネン,2012,3
アイギス　ART WORKS Ver.,2012,3
シャーロット・E・イェーガー,2012,3
シャーロット・E・イェーガー,2011,7
直江兼続,2013,8
直江兼続,2012,2
メリー・ナイトメア,2012,2
高町ヴィヴィオ,2012,1
カミナギ・リョーコ　-Resurrection-,2012,1
田井中 律,2012,1
田井中 律,2011,5
坂本 美緒,2014,3
坂本 美緒,2011,12
ディズィー,2014,1
ディズィー,2011,12
ディズィー,2011,4
フェイト・テスタロッサ　水着Ver.,2011,12
春日野 穹,2014,9
春日野 穹,2011,11
山田 葵,2011,11
平沢 憂,2011,11
平沢 唯,2011,11
平沢 唯,2010,12
平沢 唯,2010,4
ブラック羽川,2013,9
ブラック羽川,2011,10
ミーナ・ディートリンデ・ヴィルケ,2011,9
戦場ヶ原 ひたぎ,2011,9
初春 飾利,2011,9
初春 飾利,2011,4
高町なのは -STAND BY READY-,2011,9
高町なのは -STAND BY READY-,2010,3
高町なのは　制服Ver.,2011,8
シャーロット・E・イェーガー,2012,3
シャーロット・E・イェーガー,2011,7
セイバー　Summer Ver.,2011,7
遠坂 凛　Summer Ver.,2011,7
ホウメイ,2011,6
田井中 律,2012,1
田井中 律,2011,5
佐天 涙子,2011,5
佐天 涙子,2011,1
ディズィー,2014,1
ディズィー,2011,12
ディズィー,2011,4
初春 飾利,2011,9
初春 飾利,2011,4
大神 涼子,2011,3
フェイト・テスタロッサ　私服Ver.,2011,2
フェイト・T・ハラオウン　真・ソニックフォーム,2011,2
フェイト・T・ハラオウン　真・ソニックフォーム,2009,11
フェイト・テスタロッサ -PHANTOM MINDS-,2011,1
佐天 涙子,2011,5
佐天 涙子,2011,1
式波・アスカ・ラングレー　テスト用プラグスーツVer.,2010,12
木下 秀吉,2010,12
平沢 唯,2011,11
平沢 唯,2010,12
平沢 唯,2010,4
秋山 澪,2010,12
秋山 澪,2010,1
グウェンドリン,2016,4
グウェンドリン,2010,11
グウェンドリン,2008,12
のどっち,2010,11
バディ,2012,6
バディ,2010,11
琴吹 紬,2010,11
メルセデス,2016,4
メルセデス,2010,10
メルセデス,2010,5
セルベリア・ブレス　ヴァルキュリアVer.,2010,10
笹瀬川 佐々美,2010,10
能美 クドリャフカ,2010,10
能美 クドリャフカ,2010,1
秋山 澪　学園祭Ver.,2010,9
柳生十兵衛,2013,6
柳生十兵衛,2010,8
柳生十兵衛,2009,10
クララクラン・フィリアス　甲冑Ver.,2010,8
天江 衣,2010,8
サーニャ・V・リトヴャク,2010,7
聖王ヴィヴィオ,2010,7
千姫,2010,7
百姫,2013,1
百姫,2010,7
宮藤 芳佳,2010,7
宮藤 芳佳,2010,1
イルファ,2010,6
中野 梓,2010,6
片岡 優希,2010,6
メルセデス,2016,4
メルセデス,2010,10
メルセデス,2010,5
シャマル & ザフィーラ 仔犬Ver.,2010,5
魔想 志津香,2010,5
河野 はるみ,2010,4
服部半蔵,2010,4
平沢 唯,2011,11
平沢 唯,2010,12
平沢 唯,2010,4
セイバー・リリィ,2010,3
夏侯淵 妙才,2010,3
高町なのは -STAND BY READY-,2011,9
高町なのは -STAND BY READY-,2010,3
呂蒙 子明,2010,3
趙雲 子龍,2010,3
趙雲 子龍,2008,7
関羽 雲長,2010,3
関羽 雲長,2008,5
能美 クドリャフカ,2010,10
能美 クドリャフカ,2010,1
宮藤 芳佳,2010,7
宮藤 芳佳,2010,1
高町なのは　エクシードモード,2010,1
秋山 澪,2010,12
秋山 澪,2010,1
久慈川 りせ　水着Ver.,2009,12
フェイト・T・ハラオウン　真・ソニックフォーム,2011,2
フェイト・T・ハラオウン　真・ソニックフォーム,2009,11
柳生十兵衛,2013,6
柳生十兵衛,2010,8
柳生十兵衛,2009,10
カーヤ,2009,10
シルファ,2009,10
ファティナ,2009,10
ブラックアリエス,2009,10
ヴィータ,2009,9
ヴィータ,2008,9
四方堂 ナリカ　超昂閃忍Ver.,2012,10
四方堂 ナリカ　超昂閃忍Ver.,2009,8
スバル・ナカジマ,2009,7
謎の賞金稼ぎ ヨーコ・リットナー,2009,7
蒼崎 橙子,2009,7
川添 珠姫,2009,5
メタトロン,2009,4
ルイズ　ゴスパンクVer.,2012,5
ルイズ　ゴスパンクVer.,2009,4
南極 さくら　メイド服Ver.,2009,4
ルイズ　制服Ver.,2009,3
戦姫,2009,3
長門 有希　制服Ver.,2009,3
リインフォースII,2009,3
リインフォースII,2008,5
ヨマコ先生,2009,2
Xenosaga Ⅲ　KOS-MOS　水着Ver.,2013,8
Xenosaga Ⅲ　KOS-MOS　水着Ver.,2009,1
シグナム,2009,1
ティアナ・ランスター,2009,1
グウェンドリン,2016,4
グウェンドリン,2010,11
グウェンドリン,2008,12
セイバー　メイドVer.,2008,12
セイバー　メイドVer.,2007,9
聖天使ジブリール・ゼロ,2008,11
時雨 亜沙,2008,11
八神はやて,2008,11
涼宮 ハルヒ　制服Ver.,2008,11
エリザベス,2008,10
綾波 レイ,2008,10
彩,2008,10
ヴィータ,2009,9
ヴィータ,2008,9
ユニゾンヴィータ,2008,9
リリィ・サルバターナ,2008,9
鷹守 ハルカ,2008,9
チューア・チュラム,2008,8
月城 ミーナ,2008,8
朝比奈 みくる　メイドVer.,2008,7
趙雲 子龍,2010,3
趙雲 子龍,2008,7
ファウナ,2008,7
ファウナ,2007,6
シエスタ,2008,6
桐条 美鶴,2008,6
ヨルズ,2008,5
リインフォースII,2009,3
リインフォースII,2008,5
関羽 雲長,2010,3
関羽 雲長,2008,5
閻魔 あい,2008,5
フェイト・テスタロッサ,2008,5
フェイト・テスタロッサ,2007,4
フェイト・テスタロッサ,2006,12
シャロン,2008,5
シャロン,2006,12
黒のフランコ,2008,4
長門 有希　水着Ver.,2008,4
アロエ & CPUシャロン,2008,3
エグゼリカ,2008,3
ルイズ　ビスチェVer.,2008,1
ナディ,2008,1
エスカレイヤー,2008,1
エスカレイヤー,2007,5
デス先生,2007,12
名前のない女,2007,12
鶴屋さん　メイドVer.,2007,11
アイギス,2007,10
レウコテア,2007,10
セイバー　メイドVer.,2008,12
セイバー　メイドVer.,2007,9
カミナギ・リョーコ,2007,9
真紅,2007,9
アルクェイド・ブリュンスタッド,2007,8
天羽 雅音　ウィッチブレイド発動態パワーアップVer.,2007,8
荻上 千佳　コスプレVer.,2007,7
アル・アジフ　水着Ver.,2007,7
ファウナ,2008,7
ファウナ,2007,6
ルキア,2007,6
花本 はぐみ,2007,6
有坂 香月　競泳Ver.,2007,6
エスカレイヤー,2008,1
エスカレイヤー,2007,5
風のうしろを歩むもの,2007,5
周防 美琴　水着Ver.,2007,5
レヴィ,2007,4
ライダー　水着Ver.,2007,4
天羽 雅音　私服Ver.,2007,4
フェイト・テスタロッサ,2008,5
フェイト・テスタロッサ,2007,4
フェイト・テスタロッサ,2006,12
斎香・Ｓ・ファルネーゼ,2007,3
聖天使ジブリール,2007,3
ルイズ,2007,2
沢近 愛理　水着Ver.,2007,2
津崎 青葉 & モリビト2号,2007,2
橘 玲,2007,1
イリヤ　水着Ver.,2007,1
ナギ　死神装束Ver.,2007,1
間桐 桜　戦闘服Ver.,2006,12
カレン・オルテンシア,2006,12
フェイト・テスタロッサ,2008,5
フェイト・テスタロッサ,2007,4
フェイト・テスタロッサ,2006,12
シャロン,2008,5
シャロン,2006,12
イグニス,2006,11
セイバー　水着Ver.,2006,11
十条 紫苑,2006,11
Xenosaga　KOS-MOS,2006,11
Xenosaga　KOS-MOS,2005,12
アルヴィス・Ｅ・ハミルトン,2006,11
アルヴィス・Ｅ・ハミルトン,2005,10
竜胆 リナ,2006,10
葉月　ドレスVer.,2006,10
厳島 貴子,2006,10
ジョウ,2006,10
ジョウ,2005,11
エイミー,2006,8
メグ,2006,8
メグ,2006,3
ヒカル　死神装束Ver.,2006,7
黒セイバー　ドレスVer.,2006,7
宮小路 瑞穂,2006,7
セイ,2006,6
高町なのは,2006,5
間桐 桜　水着Ver.,2006,4
メグ,2006,8
メグ,2006,3
聖天使ジブリール アリエス,2006,3
ガーネット,2006,3
セイバー　私服Ver.,2006,2
なぎさ,2006,1
惣流・アスカ・ラングレー,2006,1
遠坂 凛　水着Ver.,2005,12
ベッキー & メソウサ,2005,12
Xenosaga　KOS-MOS,2006,11
Xenosaga　KOS-MOS,2005,12
ジョウ,2006,10
ジョウ,2005,11
木ノ下 貴子　水着Ver.,2005,11
水樹 マイア,2005,10
アルヴィス・Ｅ・ハミルトン,2006,11
アルヴィス・Ｅ・ハミルトン,2005,10
綾波 レイ,2005,9
パーシヴァル,2023,8
アーチャー／ギルガメッシュ,2023,7
冨岡 義勇,2023,6
キリト,2022,3
セイバー／ガウェイン,2022,1
キャスター／マーリン,2020,12
セイバー／アーサー・ペンドラゴン［プロトタイプ］,2020,7
天ヶ瀬 冬馬,2020,2
テイルズ オブ ヴェスペリア　ユーリ・ローウェル　心の中の聖騎士様Ver.＆ラピード,2019,12
アヴェンジャー／巌窟王 エドモン・ダンテス,2019,5
テイルズ オブ ベルセリア　アイゼン,2019,1
ディーオ・エラクレア,2018,11
テイルズ オブ ゼスティリア ザ クロス　スレイ,2018,10
テイルズ オブ ゼスティリア ザ クロス　ミクリオ,2018,10
葉月 渚,2018,10
竜ヶ崎 怜,2018,10
アーチャー,2018,9
アーチャー,2016,2
山崎 宗介,2018,8
カミュ,2018,2
朔間 零,2017,12
美風 藍,2017,12
七瀬 遙＆橘 真琴,2017,11
黒崎 蘭丸,2017,10
愛島 セシル,2017,9
寿 嶺二,2017,9
朔間 凛月,2017,7
レオナルド・ウォッチ　Ending Ver.,2016,11
テイルズ オブ エクシリア2　ユリウス・ウィル・クルスニク,2016,10
テイルズ オブ エクシリア2　ルドガー・ウィル・クルスニク,2016,7
折原 臨也　サイケデリックVer.,2016,7
伏見 猿比古,2016,4
八田 美咲,2016,4
アーチャー,2018,9
アーチャー,2016,2
七瀬 遙,2016,2
七瀬 遙,2014,10
橘 真琴,2016,2
橘 真琴,2014,10
跡部 景吾,2015,11
松岡 凛,2015,9
折原 臨也　Renewal Ver.,2015,8
平和島 静雄　Renewal Ver.,2015,8
テイルズ オブ グレイセス エフ　アスベル・ラント,2015,7
テイルズ オブ シンフォニア　ロイド・アーヴィング,2015,6
テイルズ オブ ジ アビス　ルーク・フォン・ファブレ,2015,6
テイルズ オブ ジ アビス　ルーク・フォン・ファブレ,2012,4
四ノ宮 那月,2015,5
来栖 翔,2015,5
夏目 貴志,2015,1
七瀬 遙,2016,2
七瀬 遙,2014,10
橘 真琴,2016,2
橘 真琴,2014,10
聖川 真斗,2014,6
神宮寺 レン,2014,6
テイルズ オブ シンフォニア　ゼロス・ワイルダー,2014,3
一十木 音也,2014,1
一十木 音也,2013,7
一ノ瀬 トキヤ,2014,1
一ノ瀬 トキヤ,2013,7
テイルズ オブ ヴェスペリア　天を射る矢（アルトスク）のレイヴン,2013,10
一十木 音也,2014,1
一十木 音也,2013,7
一ノ瀬 トキヤ,2014,1
一ノ瀬 トキヤ,2013,7
ウェイバー・ベルベット,2013,7
テイルズ オブ エクシリア　ジュード・マティス,2013,4
折原 臨也,2013,4
折原 臨也,2012,2
一方通行（アクセラレータ）,2013,2
平和島 静雄,2012,9
テイルズ オブ ヴェスペリア　フレン・シーフォ,2012,9
テイルズ オブ ヴェスペリア　フレン・シーフォ,2011,4
テイルズ オブ ヴェスペリア　ユーリ・ローウェル,2012,7
テイルズ オブ ヴェスペリア　ユーリ・ローウェル,2011,5
テイルズ オブ ヴェスペリア　ユーリ・ローウェル,2011,1
テイルズ オブ ジ アビス　ルーク・フォン・ファブレ,2015,6
テイルズ オブ ジ アビス　ルーク・フォン・ファブレ,2012,4
折原 臨也,2013,4
折原 臨也,2012,2
木ノ瀬 梓,2011,9
池沢 佳主馬 & キング・カズマ,2011,6
テイルズ オブ ヴェスペリア　ユーリ・ローウェル,2012,7
テイルズ オブ ヴェスペリア　ユーリ・ローウェル,2011,5
テイルズ オブ ヴェスペリア　ユーリ・ローウェル,2011,1
テイルズ オブ ヴェスペリア　フレン・シーフォ,2012,9
テイルズ オブ ヴェスペリア　フレン・シーフォ,2011,4
テイルズ オブ ヴェスペリア　ユーリ・ローウェル,2012,7
テイルズ オブ ヴェスペリア　ユーリ・ローウェル,2011,5
テイルズ オブ ヴェスペリア　ユーリ・ローウェル,2011,1
近江 彼方　Special 7ver.,2023,6
アルクェイド・ブリュンスタッド,2023,3
氷堂美智留 ～ランジェリーver.～,2022,6
ララ・サタリン・デビルーク　水着Ver.,2022,6
ララ・サタリン・デビルーク　水着Ver.,2016,2
波島出海 ～ランジェリーver.～,2021,11
モモ・ベリア・デビルーク　-ベビードール Ver.-,2021,5
霞ヶ丘詩羽 ～ランジェリーver.～,2021,1
澤村・スペンサー・英梨々　～ランジェリーver.～,2020,7
加藤恵 ～ランジェリーver.～,2019,9
桜内 梨子　Special 7ver.,2018,7
柳生十兵衛　ファイナルブライドVer.,2017,7
ララ・サタリン・デビルーク　-パステルコーデ Ver.-,2017,1
ララ・サタリン・デビルーク　水着Ver.,2022,6
ララ・サタリン・デビルーク　水着Ver.,2016,2
シャルル・ド・ダルタニアン,2016,2
上杉景勝,2015,11
あんこ ＆ デラ,2015,7
後藤又兵衛,2011,6
真田幸村　Version 2.0,2011,3
セイバーオルタ　メイドVer.,2012,8
セイバーオルタ　メイドVer.,2010,5
服部半蔵　HJ限定版,2010,4
真田幸村,2010,1
天城 雪子,2008,12
Xenosaga Ⅲ　KOS-MOS Ver.4,2008,11
Xenosaga Ⅲ　KOS-MOS Ver.4,2007,12
POP WONDERLAND 『赤ずきん』,2008,9
POP WONDERLAND 『ふしぎの国のアリス』,2008,3
Xenosaga Ⅲ　T-elos,2008,1
Xenosaga Ⅲ　KOS-MOS Ver.4,2008,11
Xenosaga Ⅲ　KOS-MOS Ver.4,2007,12
一橋 ゆりえ　制服Ver.,2007,10
梓川 月乃　水着Ver.,2007,8
梓川 月乃　パンタジア制服Ver.,2007,3
草薙 素子,2007,1
