name,series,character,scale,brand,origin_url
フォーミダブル,アズールレーン,AZUR LANE HMS Formidable,1/7,Alter,https://alter-web.jp/products/503/
鷺沢 文香　潮風の一頁Ver.,アイドルマスター シンデレラガールズ,THE IDOLM@STER CINDERELLA GIRLS Sagisawa Fumika,1/7,Alter,https://alter-web.jp/products/507/
キャスター／紫式部,Fate/Grand Order,Fate/Grand Order Caster/Murasaki Shikibu,1/7,Alter,https://alter-web.jp/products/508/
桑山 千雪　よそゆき顔のセレナーデVer.,アイドルマスター シャイニーカラーズ,THE IDOLM@STER SHINY COLORS Kuwayama Chiyuki,1/7,Alter,https://alter-web.jp/products/501/
アヴェンジャー／ジャンヌ・ダルク〔オルタ〕,Fate/Grand Order,Fate/Grand Order Avenger/Jeanne d'Arc (Alter),1/7,Alter,https://alter-web.jp/products/230/
ジャベリン　ビーチピクニック！Ver.,アズールレーン,AZUR LANE HMS Javelin,1/7,Alter,https://alter-web.jp/products/499/
ミリム・ナーヴァ,転生したらスライムだった件,,1/7,Alter,https://alter-web.jp/products/502/
ベルファスト　彩雲の薔薇Ver.,アズールレーン,AZUR LANE HMS Belfast,1/7,Alter,https://alter-web.jp/products/497/
バーサーカー／宮本 武蔵,Fate/Grand Order,Fate/Grand Order Berserker/Miyamoto Musashi,1/7,Alter,https://alter-web.jp/products/498/
シリアス　青雲映す碧波Ver.,アズールレーン,AZUR LANE HMS Sirius,1/7,Alter,https://alter-web.jp/products/495/
ル・トリオンファン,アズールレーン,AZUR LANE FFNF Le Triomphant,1/7,Alter,https://alter-web.jp/products/490/
ル・トリオンファン　軽装Ver.,アズールレーン,AZUR LANE FFNF Le Triomphant,1/7,Alter,https://alter-web.jp/products/491/
ブラックハート,超次元ゲイム ネプテューヌ,HYPERDIMENSION NEPTUNE Black Heart,1/7,Alter,https://alter-web.jp/products/91/
パープルハート,超次元ゲイム ネプテューヌ,HYPERDIMENSION NEPTUNE Purple Heart,1/7,Alter,https://alter-web.jp/products/181/
ソフィー（ソフィー・ノイエンミュラー）,ソフィーのアトリエ ～不思議な本の錬金術士～,Atelier Sophie ~The Alchemist of the Mysterious Book~ Sophie Neuenmuller,1/7,Alter,https://alter-web.jp/products/486/
時崎 狂三,劇場版 デート・ア・ライブ 万由里ジャッジメント,DATE A LIVE Tokisaki Kurumi,1/8,Alter,https://alter-web.jp/products/243/
アスナ　ウンディーネVer.,ソードアート・オンライン,SWORD ART ONLINE Asuna,1/7,Alter,https://alter-web.jp/products/494/
栗花落 カナヲ,鬼滅の刃,,1/8,Alter,https://alter-web.jp/products/496/
空 銀子　猫耳姉弟子Ver.,りゅうおうのおしごと！,Ryuo no Oshigoto! Sora Ginko,1/7,Alter,https://alter-web.jp/products/488/
セントルイス,アズールレーン,AZUR LANE USS St.Louis,1/7,Alter,https://alter-web.jp/products/479/
セントルイス　軽装Ver.,アズールレーン,AZUR LANE USS St.Louis,1/7,Alter,https://alter-web.jp/products/478/
食蜂 操祈　スク水ニーソVer.,とある科学の超電磁砲Ｔ,A Certain Scientific Railgun T Shokuhou Misaki,1/7,Alter,https://alter-web.jp/products/492/
アスナ,劇場版 ソードアート・オンライン -オーディナル・スケール-,SWORD ART ONLINE THE MOVIE Ordinal Scale Asuna,1/7,Alter,https://alter-web.jp/products/218/
リラ（リラ・ディザイアス）,ライザのアトリエ ～常闇の女王と秘密の隠れ家～,Atelier Ryza: Ever Darkness & the Secret Hideout Lila Decyrus,1/7,Alter,https://alter-web.jp/products/489/
プリンツ・オイゲン,アズールレーン,AZUR LANE KMS Prinz Eugen,1/7,Alter,https://alter-web.jp/products/264/
神谷 奈緒　一陣の情熱Ver.,アイドルマスター シンデレラガールズ,THE IDOLM@STER CINDERELLA GIRLS Kamiya Nao,1/7,Alter,https://alter-web.jp/products/483/
プラフタ,ソフィーのアトリエ ～不思議な本の錬金術士～,Atelier Sophie ~The Alchemist of the Mysterious Book~ Plachta,1/7,Alter,https://alter-web.jp/products/197/
ハチロク　水着Ver.,まいてつ pure station,MAITETSU pure station Hachiroku,1/6,Alter,https://alter-web.jp/products/482/
冬坂 五百里,十三機兵防衛圏,13 SENTINELS: AEGIS RIM Iori Fuyusaka,1/7,Alter,https://alter-web.jp/products/533/
ランサー／謎のアルターエゴ・Λ,Fate/Grand Order,Fate/Grand Order Lancer/Mysterious Alter Ego Λ,1/7,Alter,https://alter-web.jp/products/535/
ポーラ　水辺のハプニング？Ver.,アズールレーン,AZUR LANE RN Pola,1/7,Alter,https://alter-web.jp/products/527/
愛宕＆高雄　レースクイーンVer.,アズールレーン,AZUR LANE IJN Atago & IJN Takao,1/7,Alter,https://alter-web.jp/products/530/
愛宕　凄艶のマックススピードVer.,アズールレーン,AZUR LANE IJN Atago,1/7,Alter,https://alter-web.jp/products/528/
高雄　魅惑のフルドライブVer.,アズールレーン,AZUR LANE IJN Takao,1/7,Alter,https://alter-web.jp/products/529/
愛宕　真夏の行進曲Ver.,アズールレーン,AZUR LANE IJN Atago,1/7,Alter,https://alter-web.jp/products/245/
高雄　砂浜ラプソディVer.,アズールレーン,AZUR LANE IJN Takao,1/7,Alter,https://alter-web.jp/products/255/
ボルチモア　エースの放課後Ver.,アズールレーン,AZUR LANE USS Baltimore,1/7,Alter,https://alter-web.jp/products/531/
ライザ（ライザリン・シュタウト）,ライザのアトリエ ～常闇の女王と秘密の隠れ家～,Atelier Ryza: Ever Darkness & the Secret Hideout Reisalin Stout,1/7,Alter,https://alter-web.jp/products/524/
シュヴァルツ　昇進２Ver.,アークナイツ,ARKNIGHTS Schwarz,1/7,Alter,https://alter-web.jp/products/523/
吾妻　語らいの春霞Ver.,アズールレーン,AZUR LANE IJN Azuma,1/7,Alter,https://alter-web.jp/products/526/
吾妻　語らいの春霞 軽装Ver.,アズールレーン,AZUR LANE IJN Azuma,1/7,Alter,https://alter-web.jp/products/525/
芹沢 あさひ　空と青とアイツVer.,アイドルマスター シャイニーカラーズ,THE IDOLM@STER SHINY COLORS Serizawa Asahi,1/7,Alter,https://alter-web.jp/products/520/
ルプスレギナ・ベータ　so-bin Ver.,オーバーロード,OVERLORD Lupusregina β,1/8,Alter,https://alter-web.jp/products/514/
速水 奏　ミスティック・ドーンVer.,アイドルマスター シンデレラガールズ,THE IDOLM@STER CINDERELLA GIRLS Hayami Kanade,1/7,Alter,https://alter-web.jp/products/253/
セントルイス,アズールレーン,AZUR LANE USS St.Louis,1/7,Alter,https://alter-web.jp/products/479/
セントルイス　軽装Ver.,アズールレーン,AZUR LANE USS St.Louis,1/7,Alter,https://alter-web.jp/products/478/
プリンツ・オイゲン,アズールレーン,AZUR LANE KMS Prinz Eugen,1/7,Alter,https://alter-web.jp/products/264/
ムーンキャンサー／BB　南国小麦色Ver.,Fate/Grand Order,Fate/Grand Order MoonCancer/BB,1/8,Alter,https://alter-web.jp/products/517/
ムーンキャンサー／BB　小悪魔たまご肌Ver.,Fate/Grand Order,Fate/Grand Order MoonCancer/BB,1/8,Alter,https://alter-web.jp/products/518/
フランドール・スカーレット,東方Project,Touhou Project Flandre Scarlet,1/8,Alter,https://alter-web.jp/products/516/
スカサハ　刺し穿つバニーVer.,Fate/Grand Order,Fate/Grand Order Scáthach,1/7,Alter,https://alter-web.jp/products/251/
【EVA GLOBAL】アヤナミレイ（仮称）Millennials Illust Ver. フィギュア,「エヴァンゲリオン」シリーズ,“EVANGELION” series Rei Ayanami (tentative name),1/7,Alter,https://alter-web.jp/products/515/
ホノルル,アズールレーン,AZUR LANE USS Honolulu,1/7,Alter,https://alter-web.jp/products/510/
ホノルル　軽装Ver.,アズールレーン,AZUR LANE USS Honolulu,1/7,Alter,https://alter-web.jp/products/511/
宮本 フレデリカ　フレ・デ・ラ・モードVer.,アイドルマスター シンデレラガールズ,THE IDOLM@STER CINDERELLA GIRLS Miyamoto Frederica,1/7,Alter,https://alter-web.jp/products/513/
加藤恵　Memorial Ver.,冴えない彼女の育てかた Fine,Saenai heroine no sodate-kata.Fine Kato Megumi,1/7,Alter,https://alter-web.jp/products/509/
グラーフ・ツェッペリン　砂浜のウルズVer.,アズールレーン,AZUR LANE KMS Graf Zeppelin,1/7,Alter,https://alter-web.jp/products/504/
ボルチモア,アズールレーン,AZUR LANE USS Baltimore,1/7,Alter,https://alter-web.jp/products/505/
ボルチモア　軽装Ver.,アズールレーン,AZUR LANE USS Baltimore,1/7,Alter,https://alter-web.jp/products/506/
空の律者　キアナ,崩壊3rd,,1/8,Alter,https://alter-web.jp/products/481/
ユウキ,ソードアート・オンライン,,1/7,Alter,https://alter-web.jp/products/480/
胡蝶 しのぶ,鬼滅の刃,,1/8,Alter,https://alter-web.jp/products/484/
シノン,劇場版 ソードアート・オンライン -オーディナル・スケール-,,1/7,Alter,https://alter-web.jp/products/206/
宮本 武蔵　私服Ver.,Fate/Grand Order,,1/7,Alter,https://alter-web.jp/products/323/
アスナ　GGO Ver.,ソードアート・オンライン アリシゼーション,,1/7,Alter,https://alter-web.jp/products/406/
セイバー／アルトリア・ペンドラゴン［オルタ］　ドレスVer.,Fate/Grand Order,,1/7,Alter,https://alter-web.jp/products/1/
春日野 穹　Ending Ver.,ヨスガノソラ,,1/6,Alter,https://alter-web.jp/products/262/
籾岡 里紗,To LOVEる-とらぶる-ダークネス,,1/7,Alter,https://alter-web.jp/products/260/
アルターエゴ／メルトリリス,Fate/Grand Order,,1/8,Alter,https://alter-web.jp/products/261/
桐須 真冬　競泳水着Ver.,ぼくたちは勉強ができない！,,1/7,Alter,https://alter-web.jp/products/476/
モモ・ベリア・デビルーク　パジャマVer.,To LOVEる-とらぶる-ダークネス,,1/7,Alter,https://alter-web.jp/products/263/
古手川 唯,To LOVEる-とらぶる-ダークネス,,1/7,Alter,https://alter-web.jp/products/2/
ライダー／アルトリア・ペンドラゴン［オルタ］,Fate/Grand Order,,1/7,Alter,https://alter-web.jp/products/256/
アリス,オーディンスフィア レイヴスラシル,,1/8,Alter,https://alter-web.jp/products/265/
島村 卯月　はじけて♪サマーVer.,アイドルマスター シンデレラガールズ,,1/7,Alter,https://alter-web.jp/products/208/
志摩 リン with スクーター,ゆるキャン△,,1/10,Alter,https://alter-web.jp/products/252/
鷹富士 茄子　強運の才女Ver.,アイドルマスター シンデレラガールズ,,1/7,Alter,https://alter-web.jp/products/257/
高雄　砂浜ラプソディVer.,アズールレーン,AZUR LANE IJN Takao,1/7,Alter,https://alter-web.jp/products/255/
五十鈴 れん,マギアレコード 魔法少女まどか☆マギカ外伝,,1/8,Alter,https://alter-web.jp/products/258/
マスターアルトリア,Fate/stay night,,1/7,Alter,https://alter-web.jp/products/47/
スカサハ　刺し穿つバニーVer.,Fate/Grand Order,Fate/Grand Order Scáthach,1/7,Alter,https://alter-web.jp/products/251/
愛宕　真夏の行進曲Ver.,アズールレーン,AZUR LANE IJN Atago,1/7,Alter,https://alter-web.jp/products/245/
速水 奏　ミスティック・ドーンVer.,アイドルマスター シンデレラガールズ,THE IDOLM@STER CINDERELLA GIRLS Hayami Kanade,1/7,Alter,https://alter-web.jp/products/253/
津島 善子,ラブライブ！スクールアイドルフェスティバル,,1/7,Alter,https://alter-web.jp/products/250/
高坂 穂乃果　ホワイトデー編,ラブライブ！スクールアイドルフェスティバル,,1/7,Alter,https://alter-web.jp/products/242/
テイルズ オブ ベルセリア　ベルベット・クラウ,テイルズ オブ ベルセリア,,1/8,Alter,https://alter-web.jp/products/244/
塩見 周子　ブルー・ホライゾンVer.,アイドルマスター シンデレラガールズ,,1/7,Alter,https://alter-web.jp/products/249/
佐々木 千枝　パーティータイム・ゴールドVer.,アイドルマスター シンデレラガールズ,,1/7,Alter,https://alter-web.jp/products/248/
西連寺 春菜,To LOVEる-とらぶる-ダークネス,,1/7,Alter,https://alter-web.jp/products/234/
時崎 狂三,劇場版 デート・ア・ライブ 万由里ジャッジメント,DATE A LIVE Tokisaki Kurumi,1/8,Alter,https://alter-web.jp/products/243/
ヴァンパイア,アズールレーン,,1/7,Alter,https://alter-web.jp/products/233/
園田 海未　ホワイトデー編,ラブライブ！スクールアイドルフェスティバル,,1/7,Alter,https://alter-web.jp/products/237/
南 ことり　ホワイトデー編,ラブライブ！スクールアイドルフェスティバル,,1/7,Alter,https://alter-web.jp/products/235/
二宮 飛鳥　《偶像》のフラグメントVer.,アイドルマスター シンデレラガールズ,,1/7,Alter,https://alter-web.jp/products/241/
アヴェンジャー／ジャンヌ・ダルク〔オルタ〕,Fate/Grand Order,Fate/Grand Order Avenger/Jeanne d'Arc (Alter),1/7,Alter,https://alter-web.jp/products/230/
時崎 狂三,劇場版 デート・ア・ライブ 万由里ジャッジメント,DATE A LIVE Tokisaki Kurumi,1/8,Alter,https://alter-web.jp/products/243/
ヴァンパイア,アズールレーン,,1/7,Alter,https://alter-web.jp/products/233/
園田 海未　ホワイトデー編,ラブライブ！スクールアイドルフェスティバル,,1/7,Alter,https://alter-web.jp/products/237/
南 ことり　ホワイトデー編,ラブライブ！スクールアイドルフェスティバル,,1/7,Alter,https://alter-web.jp/products/235/
二宮 飛鳥　《偶像》のフラグメントVer.,アイドルマスター シンデレラガールズ,,1/7,Alter,https://alter-web.jp/products/241/
アヴェンジャー／ジャンヌ・ダルク〔オルタ〕,Fate/Grand Order,Fate/Grand Order Avenger/Jeanne d'Arc (Alter),1/7,Alter,https://alter-web.jp/products/230/
式波・アスカ・ラングレー　ジャージVer.,ヱヴァンゲリヲン新劇場版：Q,,1/7,Alter,https://alter-web.jp/products/119/
赤城 みりあ　パーティータイム・ゴールドVer.,アイドルマスター シンデレラガールズ,,1/7,Alter,https://alter-web.jp/products/236/
セイバー／アルトリア・ペンドラゴン［オルタ］　ドレスVer.,Fate/Grand Order,,1/7,Alter,https://alter-web.jp/products/1/
マシュ・キリエライト,Fate/Grand Order,,1/7,Alter,https://alter-web.jp/products/229/
宮内 レミィ,ToHeart,,1/7,Alter,https://alter-web.jp/products/232/
国木田 花丸　制服Ver.,ラブライブ！サンシャイン!!,,1/7,Alter,https://alter-web.jp/products/231/
セイバー　着物ドレスVer.,Fate/stay night,,1/7,Alter,https://alter-web.jp/products/225/
乙倉 悠貴　カム・ウィズミー！Ver.,アイドルマスター シンデレラガールズ,,1/7,Alter,https://alter-web.jp/products/227/
テレサ・テスタロッサ　メイドVer.,フルメタル・パニック！Invisible Victory,,1/7,Alter,https://alter-web.jp/products/226/
テイルズ オブ ゼスティリア　エドナ,テイルズ オブ ゼスティリア,,1/8,Alter,https://alter-web.jp/products/49/
ナーベラル・ガンマ　so-bin Ver.,オーバーロード,,1/8,Alter,https://alter-web.jp/products/221/
黒咲 芽亜,To LOVEる-とらぶる-ダークネス,,1/7,Alter,https://alter-web.jp/products/17/
アルル・ナジャ,魔導物語,,1/8,Alter,https://alter-web.jp/products/222/
結城 美柑　スク水Ver.,To LOVEる-とらぶる-ダークネス,,1/7,Alter,https://alter-web.jp/products/63/
矢澤 にこ＆西木野 真姫　バレンタイン編,ラブライブ！スクールアイドルフェスティバル,,1/7,Alter,https://alter-web.jp/products/213/
猫又お恋,朧村正,,1/8,Alter,https://alter-web.jp/products/214/
足利 茶々丸,装甲悪鬼村正,,1/7,Alter,https://alter-web.jp/products/220/
アスナ,劇場版 ソードアート・オンライン -オーディナル・スケール-,SWORD ART ONLINE THE MOVIE Ordinal Scale Asuna,1/7,Alter,https://alter-web.jp/products/218/
魔王ルシ子,オトカ♥ドール,,1/1,Alter,https://alter-web.jp/products/209/
シノン,劇場版 ソードアート・オンライン -オーディナル・スケール-,,1/7,Alter,https://alter-web.jp/products/206/
松浦 果南　ウェットスーツVer.,ラブライブ！サンシャイン!!,,1/7,Alter,https://alter-web.jp/products/207/
金色の闇　ナースVer.,To LOVEる-とらぶる-ダークネス,,1/7,Alter,https://alter-web.jp/products/212/
島村 卯月　はじけて♪サマーVer.,アイドルマスター シンデレラガールズ,,1/7,Alter,https://alter-web.jp/products/208/
グウェンドリン　レイヴスラシルVer.,オーディンスフィア レイヴスラシル,,1/8,Alter,https://alter-web.jp/products/196/
雁淵 ひかり,ブレイブウィッチーズ,,1/8,Alter,https://alter-web.jp/products/203/
プラフタ,ソフィーのアトリエ ～不思議な本の錬金術士～,Atelier Sophie ~The Alchemist of the Mysterious Book~ Plachta,1/7,Alter,https://alter-web.jp/products/197/
スカサハ　部屋着モード,Fate/Grand Order,,1/7,Alter,https://alter-web.jp/products/198/
一ノ瀬 志希　パフュームトリッパーVer.,アイドルマスター シンデレラガールズ,,1/7,Alter,https://alter-web.jp/products/202/
星空 凛　3月編,ラブライブ！スクールアイドルフェスティバル,,1/7,Alter,https://alter-web.jp/products/193/
小泉 花陽　3月編,ラブライブ！スクールアイドルフェスティバル,,1/7,Alter,https://alter-web.jp/products/192/
パープルハート,超次元ゲイム ネプテューヌ,HYPERDIMENSION NEPTUNE Purple Heart,1/7,Alter,https://alter-web.jp/products/181/
鷺沢 文香　ブライトメモリーズVer.,アイドルマスター シンデレラガールズ,,1/7,Alter,https://alter-web.jp/products/191/
双葉 杏　なまけものフェアリーVer.,アイドルマスター シンデレラガールズ,,1/7,Alter,https://alter-web.jp/products/199/
ララ・サタリン・デビルーク　メイドVer.,To LOVEる-とらぶる-ダークネス,,1/7,Alter,https://alter-web.jp/products/188/
神崎 蘭子　薔薇の闇姫Ver.,アイドルマスター シンデレラガールズ,,1/7,Alter,https://alter-web.jp/products/177/
ライダー／アルトリア・ペンドラゴン［サンタオルタ］,Fate/Grand Order,,1/7,Alter,https://alter-web.jp/products/189/
輿水 幸子　自称・カンペキVer.,アイドルマスター シンデレラガールズ,,1/7,Alter,https://alter-web.jp/products/190/
水戸 郁魅,食戟のソーマ 弐ノ皿,,1/7,Alter,https://alter-web.jp/products/187/
絢瀬 絵里,ラブライブ！スクールアイドルフェスティバル,,1/7,Alter,https://alter-web.jp/products/125/
南 ことり,ラブライブ！スクールアイドルフェスティバル,,1/7,Alter,https://alter-web.jp/products/80/
ゲルトルート・バルクホルン　ジェットストライカーVer.,ストライクウィッチーズ2,,1/8,Alter,https://alter-web.jp/products/180/
メンタルモデル・タカオ　オーバーニーVer.,蒼き鋼のアルペジオ,,1/6,Alter,https://alter-web.jp/products/195/
高坂 穂乃果,ラブライブ！スクールアイドルフェスティバル,,1/7,Alter,https://alter-web.jp/products/124/
園田 海未,ラブライブ！スクールアイドルフェスティバル,,1/7,Alter,https://alter-web.jp/products/29/
アナスタシア　Memories Ver.,アイドルマスター シンデレラガールズ,,1/8,Alter,https://alter-web.jp/products/179/
神崎 蘭子　Memories Ver.,アイドルマスター シンデレラガールズ,,1/8,Alter,https://alter-web.jp/products/178/
東郷 美森,結城友奈は勇者である,,1/8,Alter,https://alter-web.jp/products/24/
新田 美波　Memories Ver.,アイドルマスター シンデレラガールズ,,1/8,Alter,https://alter-web.jp/products/30/
ラウラ＆シャル　ネコミミパジャマ,IS＜インフィニット・ストラトス＞,,1/7,Alter,https://alter-web.jp/products/39/
Fate/EXTRA セイバーエクストラ　水着Ver.,Fate/EXTRA,,1/6,Alter,https://alter-web.jp/products/86/
安原 絵麻,SHIROBAKO,,1/8,Alter,https://alter-web.jp/products/3/
ヒロインX,Fate/stay night,,1/7,Alter,https://alter-web.jp/products/26/
春日野 穹　-Bunny Style-,ヨスガノソラ,,1/7,Alter,https://alter-web.jp/products/54/
紺菊,朧村正,,1/8,Alter,https://alter-web.jp/products/137/
弓弦葉,朧村正,,1/8,Alter,https://alter-web.jp/products/51/
百姫　～OIRONAOSHI～,朧村正,,1/8,Alter,https://alter-web.jp/products/53/
セイバー／アルトリア・ペンドラゴン［オルタ］　ドレスVer.,Fate/Grand Order,,1/7,Alter,https://alter-web.jp/products/1/
小泉 花陽,ラブライブ！スクールアイドルフェスティバル,,1/7,Alter,https://alter-web.jp/products/52/
テイルズ オブ ゼスティリア　エドナ,テイルズ オブ ゼスティリア,,1/8,Alter,https://alter-web.jp/products/49/
西木野 真姫,ラブライブ！スクールアイドルフェスティバル,,1/7,Alter,https://alter-web.jp/products/43/
多田 李衣菜,アイドルマスター シンデレラガールズ,,1/8,Alter,https://alter-web.jp/products/44/
前川 みく,アイドルマスター シンデレラガールズ,,1/8,Alter,https://alter-web.jp/products/10/
東條 希,ラブライブ！スクールアイドルフェスティバル,,1/7,Alter,https://alter-web.jp/products/32/
マスターアルトリア,Fate/stay night,,1/7,Alter,https://alter-web.jp/products/47/
矢澤 にこ,ラブライブ！スクールアイドルフェスティバル,,1/7,Alter,https://alter-web.jp/products/12/
千斗 いすず,甘城ブリリアントパーク,,1/7,Alter,https://alter-web.jp/products/38/
黒咲 芽亜,To LOVEる-とらぶる-ダークネス,,1/7,Alter,https://alter-web.jp/products/17/
サーニャ＆エイラ　水着Ver.,ストライクウィッチーズ2,,1/8,Alter,https://alter-web.jp/products/16/
春日野 穹　黒チャイナドレスVer.,ヨスガノソラ,,1/7,Alter,https://alter-web.jp/products/69/
シャーロット・E・イェーガー　Ver.2,ストライクウィッチーズ2,,1/8,Alter,https://alter-web.jp/products/15/
ベルベットwithコルネリウス,オーディンスフィア,,1/8,Alter,https://alter-web.jp/products/27/
グウェンドリン,オーディンスフィア,,1/8,Alter,https://alter-web.jp/products/158/
メルセデス,オーディンスフィア,,1/8,Alter,https://alter-web.jp/products/159/
谷川 柑菜　水着Ver.,あの夏で待ってる,,1/6,Alter,https://alter-web.jp/products/21/
メンタルモデル・ハルナ,蒼き鋼のアルペジオ ‐アルス・ノヴァ‐,,1/8,Alter,https://alter-web.jp/products/23/
絢瀬 絵里　水着Ver.,ラブライブ！,,1/7,Alter,https://alter-web.jp/products/25/
めんま,あの日見た花の名前を僕達はまだ知らない。,,1/8,Alter,https://alter-web.jp/products/160/
古手川 唯,To LOVEる-とらぶる-ダークネス,,1/7,Alter,https://alter-web.jp/products/2/
ヒロインX,Fate/stay night,,1/7,Alter,https://alter-web.jp/products/26/
エイリアス,戦場のヴァルキュリア2 ガリア王立士官学校,,1/7,Alter,https://alter-web.jp/products/4/
後藤又兵衛　剣姫Ver.,百花繚乱,,1/8,Alter,https://alter-web.jp/products/6/
マルチナ・クレスピ,ストライクウィッチーズ劇場版,,1/8,Alter,https://alter-web.jp/products/8/
ローナ　水着Ver.,シャイニング・ハーツ,,1/7,Alter,https://alter-web.jp/products/93/
テイルズ オブ ゼスティリア　アリーシャ,テイルズ オブ ゼスティリア,,1/8,Alter,https://alter-web.jp/products/67/
ブラックハート,超次元ゲイム ネプテューヌ,HYPERDIMENSION NEPTUNE Black Heart,1/7,Alter,https://alter-web.jp/products/91/
フェイト・テスタロッサ　ブレイズフォーム　‐Full Drive‐,魔法少女リリカルなのは The MOVIE 2nd A's,,1/7,Alter,https://alter-web.jp/products/88/
星空 凛,ラブライブ！スクールアイドルフェスティバル,,1/7,Alter,https://alter-web.jp/products/89/
結城 友奈,結城友奈は勇者である,,1/8,Alter,https://alter-web.jp/products/87/
千姫　サディスティック・サキュバスVer.,百花繚乱,,1/8,Alter,https://alter-web.jp/products/92/
Fate/EXTRA セイバーエクストラ　水着Ver.,Fate/EXTRA,,1/6,Alter,https://alter-web.jp/products/86/
桐崎 千棘,ニセコイ,,1/8,Alter,https://alter-web.jp/products/85/
プラーミャ様,世界征服 謀略のズヴィズダー,,1/7,Alter,https://alter-web.jp/products/83/
結城 美柑,To LOVEる-とらぶる-ダークネス,,1/7,Alter,https://alter-web.jp/products/111/
南 ことり,ラブライブ！スクールアイドルフェスティバル,,1/7,Alter,https://alter-web.jp/products/80/
西木野 真姫　水着Ver.,ラブライブ！,,1/7,Alter,https://alter-web.jp/products/77/
忍野 忍,偽物語,,1/8,Alter,https://alter-web.jp/products/78/
セルティ・ストゥルルソン,デュラララ!!,,1/8,Alter,https://alter-web.jp/products/176/
μ-No.12-（ミュー・テュエルブ）,BLAZBLUE　ALTER MEMORY,,1/7,Alter,https://alter-web.jp/products/57/
宝蔵院胤舜,百花繚乱,,1/8,Alter,https://alter-web.jp/products/75/
式波・アスカ・ラングレー　ジャージVer.,ヱヴァンゲリヲン新劇場版：Q,,1/7,Alter,https://alter-web.jp/products/119/
ベートーヴェン,英雄＊戦姫GOLD,,,Alter,https://alter-web.jp/products/72/
ハイデマリー・W・シュナウファー,ストライクウィッチーズ劇場版,,1/8,Alter,https://alter-web.jp/products/73/
春日野 穹　黒チャイナドレスVer.,ヨスガノソラ,,1/7,Alter,https://alter-web.jp/products/69/
テイルズ オブ ゼスティリア　アリーシャ,テイルズ オブ ゼスティリア,,1/8,Alter,https://alter-web.jp/products/67/
シャルロット＆セシリア　水着Ver.,IS＜インフィニット・ストラトス＞,,1/7,Alter,https://alter-web.jp/products/64/
メフメラ,ダンジョントラベラーズ2 王立図書館とマモノの封印,,1/8,Alter,https://alter-web.jp/products/65/
アリシア・ハート,ダンジョントラベラーズ2 王立図書館とマモノの封印,,1/8,Alter,https://alter-web.jp/products/66/
結城 美柑　スク水Ver.,To LOVEる-とらぶる-ダークネス,,1/7,Alter,https://alter-web.jp/products/63/
ラビリス,ペルソナ４ ジ・アルティメット イン マヨナカアリーナ,,1/8,Alter,https://alter-web.jp/products/59/
春日野 穹　チャイナドレスVer.,ヨスガノソラ,,1/7,Alter,https://alter-web.jp/products/121/
星月・フェラーリ,ガリレイドンナ,,1/8,Alter,https://alter-web.jp/products/120/
式波・アスカ・ラングレー　ジャージVer.,ヱヴァンゲリヲン新劇場版：Q,,1/7,Alter,https://alter-web.jp/products/119/
The Muse of Range Murata,JC.COM（JC.COM Vol.9 集英社刊）,,1/6,Alter,https://alter-web.jp/products/118/
八神はやて　-Summer holiday-,魔法少女リリカルなのはStrikerS,,1/7,Alter,https://alter-web.jp/products/113/
宮藤 芳佳　Ver.1.5,ストライクウィッチーズ2,,1/8,Alter,https://alter-web.jp/products/114/
すーぱーそに子　水着サンタVer.,NITRO SUPER SONIC,,1/7,Alter,https://alter-web.jp/products/115/
春日野 穹,ヨスガノソラ,,1/8,Alter,https://alter-web.jp/products/164/
結城 美柑,To LOVEる-とらぶる-ダークネス,,1/7,Alter,https://alter-web.jp/products/111/
八神はやて　-Zur Zeit des Erwachens-,魔法少女リリカルなのは The MOVIE 2nd A's,,1/7,Alter,https://alter-web.jp/products/112/
シグナム　-Der Stolz sogar eines Ritters-,魔法少女リリカルなのは The MOVIE 2nd A's,,1/7,Alter,https://alter-web.jp/products/107/
一色 あかね,ビビッドレッド・オペレーション,,1/8,Alter,https://alter-web.jp/products/108/
飛鳥　命駆Ver.,閃乱カグラ,,1/7,Alter,https://alter-web.jp/products/109/
リネット・ビショップ,ストライクウィッチーズ2,,1/8,Alter,https://alter-web.jp/products/110/
フランチェスカ・ルッキーニ,ストライクウィッチーズ2,,1/8,Alter,https://alter-web.jp/products/103/
アティ,サモンナイト３,,1/8,Alter,https://alter-web.jp/products/104/
ペリーヌ・クロステルマン,ストライクウィッチーズ,,1/8,Alter,https://alter-web.jp/products/101/
桐ヶ谷 直葉,ソードアート・オンライン,,1/8,Alter,https://alter-web.jp/products/102/
鹿角,境界線上のホライゾン,,1/8,Alter,https://alter-web.jp/products/98/
小鳥遊 美羽,パパのいうことを聞きなさい！,,1/8,Alter,https://alter-web.jp/products/99/
谷川 柑菜,あの夏で待ってる,,1/6,Alter,https://alter-web.jp/products/100/
坂本 美緒,ストライクウィッチーズ,,1/8,Alter,https://alter-web.jp/products/165/
テイルズ オブ ヴェスペリア　エステリーゼ・シデス・ヒュラッセイン,テイルズ オブ ヴェスペリア,,1/8,Alter,https://alter-web.jp/products/95/
セイバーオルタ　水着Ver.,Fate/hollow ataraxia,,1/6,Alter,https://alter-web.jp/products/94/
ディズィー,GUILTY GEAR XX ΛCORE,,1/8,Alter,https://alter-web.jp/products/166/
高町なのは　水着Ver.,魔法少女リリカルなのは The MOVIE 1st,,1/7,Alter,https://alter-web.jp/products/152/
サーニャ・V・リトヴャク　ロケットブースターVer.,ストライクウィッチーズ2,,1/8,Alter,https://alter-web.jp/products/153/
アインハルト・ストラトス,魔法少女リリカルなのはViVid,,1/7,Alter,https://alter-web.jp/products/154/
メルティ,シャイニング・ハーツ,,1/8,Alter,https://alter-web.jp/products/155/
メルティ　クリスマスVer.,シャイニング・ハーツ,,1/8,Alter,https://alter-web.jp/products/156/
阿万音 鈴羽＆マウンテンバイク,STEINS;GATE,,1/8,Alter,https://alter-web.jp/products/150/
千反田 える,氷菓,,1/8,Alter,https://alter-web.jp/products/151/
セイバー　ドレスコード,Fate/stay night,,1/7,Alter,https://alter-web.jp/products/147/
蒼崎 橙子,魔法使いの夜,,1/7,Alter,https://alter-web.jp/products/148/
ブラック羽川,化物語,,1/7,Alter,https://alter-web.jp/products/167/
高町なのは　-Summer holiday-,魔法少女リリカルなのはStrikerS,,1/7,Alter,https://alter-web.jp/products/168/
パンティ,Panty＆Stocking with Garterbelt,,1/8,Alter,https://alter-web.jp/products/169/
Xenosaga Ⅲ　KOS-MOS　水着Ver.,ゼノサーガ エピソードⅢ [ツァラトゥストラはかく語りき],,1/6,Alter,https://alter-web.jp/products/170/
直江兼続,百花繚乱,,1/8,Alter,https://alter-web.jp/products/171/
プリンセス・オブ・ザ・クリスタル,輪るピングドラム,,1/8,Alter,https://alter-web.jp/products/141/
スキャンティ,Panty＆Stocking with Garterbelt,,1/8,Alter,https://alter-web.jp/products/142/
ミスティ,シャイニング・ブレイド,,1/8,Alter,https://alter-web.jp/products/138/
赤座 あかり,ゆるゆり♪♪,,1/8,Alter,https://alter-web.jp/products/139/
千石 撫子,化物語,,1/8,Alter,https://alter-web.jp/products/140/
柳生十兵衛,百花繚乱,,1/8,Alter,https://alter-web.jp/products/172/
ゲルトルート・バルクホルン,ストライクウィッチーズ2,,1/8,Alter,https://alter-web.jp/products/173/
紺菊,朧村正,,1/8,Alter,https://alter-web.jp/products/137/
ラウラ・ボーデヴィッヒ　メイドVer.,IS＜インフィニット・ストラトス＞,,1/8,Alter,https://alter-web.jp/products/135/
ハンナ・ユスティーナ・マルセイユ,ストライクウィッチーズ2,,1/8,Alter,https://alter-web.jp/products/136/
魔女っ娘ミラクるん,ゆるゆり♪♪,,1/7,Alter,https://alter-web.jp/products/133/
シャルロット・デュノア　ジャージVer.,IS＜インフィニット・ストラトス＞,,1/8,Alter,https://alter-web.jp/products/174/
柳生義仙,百花繚乱,,1/8,Alter,https://alter-web.jp/products/130/
松前 緒花,花咲くいろは,,1/8,Alter,https://alter-web.jp/products/131/
エーリカ・ハルトマン,ストライクウィッチーズ2,,1/8,Alter,https://alter-web.jp/products/132/
エイラ・イルマタル・ユーティライネン,ストライクウィッチーズ2,,1/8,Alter,https://alter-web.jp/products/175/
真鍋 和,けいおん！,,1/8,Alter,https://alter-web.jp/products/127/
百姫,朧村正,,1/8,Alter,https://alter-web.jp/products/414/
テイルズ オブ エクシリア　ミラ＝マクスウェル,テイルズ オブ エクシリア,,1/8,Alter,https://alter-web.jp/products/467/
めんま,あの日見た花の名前を僕達はまだ知らない。,,1/8,Alter,https://alter-web.jp/products/160/
ストッキング,Panty＆Stocking with Garterbelt,,1/8,Alter,https://alter-web.jp/products/466/
四方堂 ナリカ　超昂閃忍Ver.,超昂閃忍ハルカ,,1/8,Alter,https://alter-web.jp/products/383/
ALVIS & LAVIE BY LASTEXILE,LASTEXILE,,1/8,Alter,https://alter-web.jp/products/462/
ニーソックス,Panty＆Stocking with Garterbelt,,1/8,Alter,https://alter-web.jp/products/463/
フェイト・T・ハラオウン　-Summer holiday-,魔法少女リリカルなのはStrikerS,,1/7,Alter,https://alter-web.jp/products/464/
セイバー　メイドVer. R,Fate/hollow ataraxia,,1/6,Alter,https://alter-web.jp/products/461/
セルティ・ストゥルルソン,デュラララ!!,,1/8,Alter,https://alter-web.jp/products/176/
テイルズ オブ ヴェスペリア　リタ・モルディオ,テイルズ オブ ヴェスペリア,,1/8,Alter,https://alter-web.jp/products/460/
パンティ,Panty＆Stocking with Garterbelt,,1/8,Alter,https://alter-web.jp/products/169/
種島 ぽぷら,WORKING!!,,1/8,Alter,https://alter-web.jp/products/457/
モモ・ベリア・デビルーク,もっとTo LOVEる-とらぶる-,,1/8,Alter,https://alter-web.jp/products/458/
バディ,君が呼ぶ、メギドの丘で,,1/8,Alter,https://alter-web.jp/products/421/
高町なのは　-Summer holiday-,魔法少女リリカルなのはStrikerS,,1/7,Alter,https://alter-web.jp/products/168/
セルベリア・ブレス　水着Ver.,戦場のヴァルキュリア,,1/7,Alter,https://alter-web.jp/products/455/
ルイズ　ゴスパンクVer.,ゼロの使い魔 ～三美姫の輪舞～,,1/8,Alter,https://alter-web.jp/products/377/
ゲルトルート・バルクホルン,ストライクウィッチーズ2,,1/8,Alter,https://alter-web.jp/products/173/
シャルロット・デュノア　ジャージVer.,IS＜インフィニット・ストラトス＞,,1/8,Alter,https://alter-web.jp/products/174/
エイラ・イルマタル・ユーティライネン,ストライクウィッチーズ2,,1/8,Alter,https://alter-web.jp/products/175/
アイギス　ART WORKS Ver.,ペルソナ３,,1/6,Alter,https://alter-web.jp/products/452/
シャーロット・E・イェーガー,ストライクウィッチーズ,,1/8,Alter,https://alter-web.jp/products/436/
直江兼続,百花繚乱,,1/8,Alter,https://alter-web.jp/products/171/
メリー・ナイトメア,夢喰いメリー,,1/8,Alter,https://alter-web.jp/products/449/
高町ヴィヴィオ,魔法少女リリカルなのはViVid,,1/7,Alter,https://alter-web.jp/products/447/
カミナギ・リョーコ　-Resurrection-,ゼーガペイン,,1/8,Alter,https://alter-web.jp/products/448/
田井中 律,けいおん！,,1/8,Alter,https://alter-web.jp/products/433/
坂本 美緒,ストライクウィッチーズ,,1/8,Alter,https://alter-web.jp/products/165/
ディズィー,GUILTY GEAR XX ΛCORE,,1/8,Alter,https://alter-web.jp/products/166/
フェイト・テスタロッサ　水着Ver.,魔法少女リリカルなのは The MOVIE 1st,,1/7,Alter,https://alter-web.jp/products/446/
春日野 穹,ヨスガノソラ,,1/8,Alter,https://alter-web.jp/products/164/
山田 葵,WORKING!!,,1/8,Alter,https://alter-web.jp/products/444/
平沢 憂,けいおん！,,1/8,Alter,https://alter-web.jp/products/445/
平沢 唯,けいおん！,,1/8,Alter,https://alter-web.jp/products/402/
ブラック羽川,化物語,,1/7,Alter,https://alter-web.jp/products/167/
ミーナ・ディートリンデ・ヴィルケ,ストライクウィッチーズ2,,1/8,Alter,https://alter-web.jp/products/440/
戦場ヶ原 ひたぎ,化物語,,1/7,Alter,https://alter-web.jp/products/441/
初春 飾利,とある科学の超電磁砲（レールガン）,,1/8,Alter,https://alter-web.jp/products/432/
高町なのは -STAND BY READY-,魔法少女リリカルなのは The MOVIE 1st,,1/7,Alter,https://alter-web.jp/products/397/
高町なのは　制服Ver.,魔法少女リリカルなのは The MOVIE 1st,,1/7,Alter,https://alter-web.jp/products/439/
シャーロット・E・イェーガー,ストライクウィッチーズ,,1/8,Alter,https://alter-web.jp/products/436/
セイバー　Summer Ver.,Fate/stay night,,1/8,Alter,https://alter-web.jp/products/437/
遠坂 凛　Summer Ver.,Fate/stay night,,1/8,Alter,https://alter-web.jp/products/438/
ホウメイ,シャイニング・ウィンド,,1/8,Alter,https://alter-web.jp/products/434/
田井中 律,けいおん！,,1/8,Alter,https://alter-web.jp/products/433/
佐天 涙子,とある科学の超電磁砲（レールガン）,,1/8,Alter,https://alter-web.jp/products/427/
ディズィー,GUILTY GEAR XX ΛCORE,,1/8,Alter,https://alter-web.jp/products/166/
初春 飾利,とある科学の超電磁砲（レールガン）,,1/8,Alter,https://alter-web.jp/products/432/
大神 涼子,オオカミさんと七人の仲間たち,,1/8,Alter,https://alter-web.jp/products/429/
フェイト・テスタロッサ　私服Ver.,魔法少女リリカルなのは The MOVIE 1st,,1/7,Alter,https://alter-web.jp/products/428/
フェイト・T・ハラオウン　真・ソニックフォーム,魔法少女リリカルなのはStrikerS,,1/7,Alter,https://alter-web.jp/products/388/
フェイト・テスタロッサ -PHANTOM MINDS-,魔法少女リリカルなのは The MOVIE 1st,,1/7,Alter,https://alter-web.jp/products/425/
佐天 涙子,とある科学の超電磁砲（レールガン）,,1/8,Alter,https://alter-web.jp/products/427/
式波・アスカ・ラングレー　テスト用プラグスーツVer.,ヱヴァンゲリヲン新劇場版：破,,1/8,Alter,https://alter-web.jp/products/423/
木下 秀吉,バカとテストと召喚獣,,1/8,Alter,https://alter-web.jp/products/424/
平沢 唯,けいおん！,,1/8,Alter,https://alter-web.jp/products/402/
秋山 澪,けいおん！,,1/8,Alter,https://alter-web.jp/products/393/
グウェンドリン,オーディンスフィア,,1/8,Alter,https://alter-web.jp/products/158/
のどっち,咲-Saki-,,1/8,Alter,https://alter-web.jp/products/420/
バディ,君が呼ぶ、メギドの丘で,,1/8,Alter,https://alter-web.jp/products/421/
琴吹 紬,けいおん！,,1/8,Alter,https://alter-web.jp/products/422/
メルセデス,オーディンスフィア,,1/8,Alter,https://alter-web.jp/products/159/
セルベリア・ブレス　ヴァルキュリアVer.,戦場のヴァルキュリア,,1/7,Alter,https://alter-web.jp/products/418/
笹瀬川 佐々美,リトルバスターズ！,,1/8,Alter,https://alter-web.jp/products/419/
能美 クドリャフカ,リトルバスターズ！,,1/8,Alter,https://alter-web.jp/products/390/
秋山 澪　学園祭Ver.,けいおん！,,1/8,Alter,https://alter-web.jp/products/417/
柳生十兵衛,百花繚乱,,1/8,Alter,https://alter-web.jp/products/172/
クララクラン・フィリアス　甲冑Ver.,シャイニング・ウィンド,,1/8,Alter,https://alter-web.jp/products/415/
天江 衣,咲-Saki-,,1/8,Alter,https://alter-web.jp/products/416/
サーニャ・V・リトヴャク,ストライクウィッチーズ,,1/8,Alter,https://alter-web.jp/products/410/
聖王ヴィヴィオ,魔法少女リリカルなのはStrikerS,,1/7,Alter,https://alter-web.jp/products/412/
千姫,百花繚乱,,1/8,Alter,https://alter-web.jp/products/413/
百姫,朧村正,,1/8,Alter,https://alter-web.jp/products/414/
宮藤 芳佳,ストライクウィッチーズ,,1/8,Alter,https://alter-web.jp/products/391/
イルファ,ToHeart2,,1/8,Alter,https://alter-web.jp/products/407/
中野 梓,けいおん！,,1/8,Alter,https://alter-web.jp/products/408/
片岡 優希,咲-Saki-,,1/8,Alter,https://alter-web.jp/products/409/
メルセデス,オーディンスフィア,,1/8,Alter,https://alter-web.jp/products/159/
シャマル & ザフィーラ 仔犬Ver.,魔法少女リリカルなのはStrikerS,,1/7,Alter,https://alter-web.jp/products/404/
魔想 志津香,ランスVI -ゼス崩壊-,,1/8,Alter,https://alter-web.jp/products/405/
河野 はるみ,ToHeart2,,1/8,Alter,https://alter-web.jp/products/399/
服部半蔵,百花繚乱,,1/8,Alter,https://alter-web.jp/products/400/
平沢 唯,けいおん！,,1/8,Alter,https://alter-web.jp/products/402/
セイバー・リリィ,Fate/unlimited codes,,1/8,Alter,https://alter-web.jp/products/395/
夏侯淵 妙才,一騎当千 Great Guardians,,1/8,Alter,https://alter-web.jp/products/396/
高町なのは -STAND BY READY-,魔法少女リリカルなのは The MOVIE 1st,,1/7,Alter,https://alter-web.jp/products/397/
呂蒙 子明,一騎当千 Great Guardians,,1/8,Alter,https://alter-web.jp/products/398/
趙雲 子龍,一騎当千 Dragon Destiny,,1/8,Alter,https://alter-web.jp/products/353/
関羽 雲長,一騎当千 Dragon Destiny,,1/8,Alter,https://alter-web.jp/products/348/
能美 クドリャフカ,リトルバスターズ！,,1/8,Alter,https://alter-web.jp/products/390/
宮藤 芳佳,ストライクウィッチーズ,,1/8,Alter,https://alter-web.jp/products/391/
高町なのは　エクシードモード,魔法少女リリカルなのはStrikerS,,1/7,Alter,https://alter-web.jp/products/392/
秋山 澪,けいおん！,,1/8,Alter,https://alter-web.jp/products/393/
久慈川 りせ　水着Ver.,ペルソナ４,,1/8,Alter,https://alter-web.jp/products/389/
フェイト・T・ハラオウン　真・ソニックフォーム,魔法少女リリカルなのはStrikerS,,1/7,Alter,https://alter-web.jp/products/388/
柳生十兵衛,百花繚乱,,1/8,Alter,https://alter-web.jp/products/172/
カーヤ,ドルアーガの塔 ～the Aegis of URUK～,,1/8,Alter,https://alter-web.jp/products/384/
シルファ,ToHeart2,,1/8,Alter,https://alter-web.jp/products/385/
ファティナ,ドルアーガの塔 ～the Aegis of URUK～,,1/8,Alter,https://alter-web.jp/products/386/
ブラックアリエス,魔界天使ジブリール -episode3-,,1/8,Alter,https://alter-web.jp/products/387/
ヴィータ,魔法少女リリカルなのはStrikerS,,1/7,Alter,https://alter-web.jp/products/356/
四方堂 ナリカ　超昂閃忍Ver.,超昂閃忍ハルカ,,1/8,Alter,https://alter-web.jp/products/383/
スバル・ナカジマ,魔法少女リリカルなのはStrikerS,,1/7,Alter,https://alter-web.jp/products/380/
謎の賞金稼ぎ ヨーコ・リットナー,天元突破グレンラガン,,1/8,Alter,https://alter-web.jp/products/381/
蒼崎 橙子,劇場版 空の境界,,1/8,Alter,https://alter-web.jp/products/382/
川添 珠姫,バンブーブレード,,1/8,Alter,https://alter-web.jp/products/379/
メタトロン,斬魔大聖デモンベイン,,1/8,Alter,https://alter-web.jp/products/376/
ルイズ　ゴスパンクVer.,ゼロの使い魔 ～三美姫の輪舞～,,1/8,Alter,https://alter-web.jp/products/377/
南極 さくら　メイド服Ver.,ペンギン娘はぁと,,1/8,Alter,https://alter-web.jp/products/378/
ルイズ　制服Ver.,ゼロの使い魔 ～三美姫の輪舞～,,1/8,Alter,https://alter-web.jp/products/372/
戦姫,戦国ランス,,1/8,Alter,https://alter-web.jp/products/373/
長門 有希　制服Ver.,涼宮ハルヒの憂鬱,,1/8,Alter,https://alter-web.jp/products/375/
リインフォースII,魔法少女リリカルなのはStrikerS,,,Alter,https://alter-web.jp/products/347/
ヨマコ先生,天元突破グレンラガン,,1/8,Alter,https://alter-web.jp/products/371/
Xenosaga Ⅲ　KOS-MOS　水着Ver.,ゼノサーガ エピソードⅢ [ツァラトゥストラはかく語りき],,1/6,Alter,https://alter-web.jp/products/170/
シグナム,魔法少女リリカルなのはStrikerS,,1/7,Alter,https://alter-web.jp/products/369/
ティアナ・ランスター,魔法少女リリカルなのはStrikerS,,1/7,Alter,https://alter-web.jp/products/370/
グウェンドリン,オーディンスフィア,,1/8,Alter,https://alter-web.jp/products/158/
セイバー　メイドVer.,Fate/hollow ataraxia,,1/6,Alter,https://alter-web.jp/products/267/
聖天使ジブリール・ゼロ,魔界天使ジブリール -episode3-,,1/8,Alter,https://alter-web.jp/products/364/
時雨 亜沙,SHUFFLE! MEMORIES,,1/8,Alter,https://alter-web.jp/products/365/
八神はやて,魔法少女リリカルなのはStrikerS,,1/7,Alter,https://alter-web.jp/products/366/
涼宮 ハルヒ　制服Ver.,涼宮ハルヒの憂鬱,,1/8,Alter,https://alter-web.jp/products/367/
エリザベス,ペルソナ３ フェス,,1/8,Alter,https://alter-web.jp/products/361/
綾波 レイ,ヱヴァンゲリヲン新劇場版,,1/8,Alter,https://alter-web.jp/products/362/
彩,お姉チャンバラ vorteX,,1/7,Alter,https://alter-web.jp/products/363/
ヴィータ,魔法少女リリカルなのはStrikerS,,1/7,Alter,https://alter-web.jp/products/356/
ユニゾンヴィータ,魔法少女リリカルなのはStrikerS,,1/7,Alter,https://alter-web.jp/products/357/
リリィ・サルバターナ,続・殺戮のジャンゴ -地獄の賞金首-,,1/8,Alter,https://alter-web.jp/products/358/
鷹守 ハルカ,超昂閃忍ハルカ,,1/8,Alter,https://alter-web.jp/products/360/
チューア・チュラム,Chu×Chuアイドる,,,Alter,https://alter-web.jp/products/354/
月城 ミーナ,月面兎兵器ミーナ,,1/8,Alter,https://alter-web.jp/products/355/
朝比奈 みくる　メイドVer.,涼宮ハルヒの憂鬱,,1/8,Alter,https://alter-web.jp/products/352/
趙雲 子龍,一騎当千 Dragon Destiny,,1/8,Alter,https://alter-web.jp/products/353/
ファウナ,めがちゅ！,,1/8,Alter,https://alter-web.jp/products/314/
シエスタ,ゼロの使い魔 ～双月の騎士～,,1/8,Alter,https://alter-web.jp/products/350/
桐条 美鶴,ペルソナ３ フェス,,1/8,Alter,https://alter-web.jp/products/351/
ヨルズ,めがちゅ！,,1/8,Alter,https://alter-web.jp/products/346/
リインフォースII,魔法少女リリカルなのはStrikerS,,,Alter,https://alter-web.jp/products/347/
関羽 雲長,一騎当千 Dragon Destiny,,1/8,Alter,https://alter-web.jp/products/348/
閻魔 あい,地獄少女,,1/8,Alter,https://alter-web.jp/products/349/
フェイト・テスタロッサ,魔法少女リリカルなのはA's,,1/8,Alter,https://alter-web.jp/products/295/
シャロン,クイズマジックアカデミー,,1/8,Alter,https://alter-web.jp/products/296/
黒のフランコ,続・殺戮のジャンゴ -地獄の賞金首-,,1/8,Alter,https://alter-web.jp/products/343/
長門 有希　水着Ver.,涼宮ハルヒの憂鬱,,1/8,Alter,https://alter-web.jp/products/345/
アロエ & CPUシャロン,クイズマジックアカデミー,,1/8,Alter,https://alter-web.jp/products/340/
エグゼリカ,トリガーハート　エグゼリカ,,1/8,Alter,https://alter-web.jp/products/342/
ルイズ　ビスチェVer.,ゼロの使い魔 ～双月の騎士～,,1/8,Alter,https://alter-web.jp/products/334/
ナディ,エル・カザド,,1/8,Alter,https://alter-web.jp/products/335/
エスカレイヤー,超昴天使エスカレイヤー,,1/8,Alter,https://alter-web.jp/products/311/
デス先生,Peace@Pieces,,1/8,Alter,https://alter-web.jp/products/328/
名前のない女,続・殺戮のジャンゴ -地獄の賞金首-,,1/8,Alter,https://alter-web.jp/products/329/
鶴屋さん　メイドVer.,涼宮ハルヒの憂鬱,,1/8,Alter,https://alter-web.jp/products/327/
アイギス,ペルソナ３,,1/8,Alter,https://alter-web.jp/products/325/
レウコテア,めがちゅ！,,1/8,Alter,https://alter-web.jp/products/326/
セイバー　メイドVer.,Fate/hollow ataraxia,,1/6,Alter,https://alter-web.jp/products/267/
カミナギ・リョーコ,ゼーガペイン,,1/8,Alter,https://alter-web.jp/products/322/
真紅,ローゼンメイデン,,,Alter,https://alter-web.jp/products/324/
アルクェイド・ブリュンスタッド,MELTY BLOOD,,1/8,Alter,https://alter-web.jp/products/319/
天羽 雅音　ウィッチブレイド発動態パワーアップVer.,ウィッチブレイド,,1/8,Alter,https://alter-web.jp/products/320/
荻上 千佳　コスプレVer.,くじびきアンバランス,,1/8,Alter,https://alter-web.jp/products/317/
アル・アジフ　水着Ver.,斬魔大聖デモンベイン,,1/8,Alter,https://alter-web.jp/products/318/
ファウナ,めがちゅ！,,1/8,Alter,https://alter-web.jp/products/314/
ルキア,クイズマジックアカデミー,,1/8,Alter,https://alter-web.jp/products/315/
花本 はぐみ,ハチミツとクローバー,,1/8,Alter,https://alter-web.jp/products/316/
有坂 香月　競泳Ver.,となグラ！,,1/8,Alter,https://alter-web.jp/products/332/
エスカレイヤー,超昴天使エスカレイヤー,,1/8,Alter,https://alter-web.jp/products/311/
風のうしろを歩むもの,塵骸魔京,,1/8,Alter,https://alter-web.jp/products/312/
周防 美琴　水着Ver.,スクールランブル二学期,,1/8,Alter,https://alter-web.jp/products/313/
レヴィ,ブラックラグーン,,1/8,Alter,https://alter-web.jp/products/307/
ライダー　水着Ver.,Fate/hollow ataraxia,,1/6,Alter,https://alter-web.jp/products/309/
天羽 雅音　私服Ver.,ウィッチブレイド,,1/8,Alter,https://alter-web.jp/products/310/
フェイト・テスタロッサ,魔法少女リリカルなのはA's,,1/8,Alter,https://alter-web.jp/products/295/
斎香・Ｓ・ファルネーゼ,ぱすてるチャイムContinue,,1/8,Alter,https://alter-web.jp/products/304/
聖天使ジブリール,魔界天使ジブリール,,1/8,Alter,https://alter-web.jp/products/305/
ルイズ,ゼロの使い魔,,1/8,Alter,https://alter-web.jp/products/301/
沢近 愛理　水着Ver.,スクールランブル二学期,,1/8,Alter,https://alter-web.jp/products/302/
津崎 青葉 & モリビト2号,JINKI:EXTEND,,1/8,Alter,https://alter-web.jp/products/303/
橘 玲,ぱにぽにだっしゅ！,,1/8,Alter,https://alter-web.jp/products/298/
イリヤ　水着Ver.,Fate/hollow ataraxia,,1/6,Alter,https://alter-web.jp/products/299/
ナギ　死神装束Ver.,Peace@Pieces,,1/8,Alter,https://alter-web.jp/products/300/
間桐 桜　戦闘服Ver.,Fate/hollow ataraxia,,1/8,Alter,https://alter-web.jp/products/293/
カレン・オルテンシア,Fate/hollow ataraxia,,1/8,Alter,https://alter-web.jp/products/294/
フェイト・テスタロッサ,魔法少女リリカルなのはA's,,1/8,Alter,https://alter-web.jp/products/295/
シャロン,クイズマジックアカデミー,,1/8,Alter,https://alter-web.jp/products/296/
イグニス,塵骸魔京,,1/8,Alter,https://alter-web.jp/products/290/
セイバー　水着Ver.,Fate/hollow ataraxia,,1/6,Alter,https://alter-web.jp/products/291/
十条 紫苑,処女（おとめ）はお姉さま（ボク）に恋してる,,1/8,Alter,https://alter-web.jp/products/292/
Xenosaga　KOS-MOS,ゼノサーガ エピソードI [力への意志],,1/8,Alter,https://alter-web.jp/products/274/
アルヴィス・Ｅ・ハミルトン,ラストエグザイル,,1/8,Alter,https://alter-web.jp/products/270/
竜胆 リナ,ぱすてるチャイムContinue,,1/8,Alter,https://alter-web.jp/products/288/
葉月　ドレスVer.,月詠 －MOON PHASE－,,1/8,Alter,https://alter-web.jp/products/289/
厳島 貴子,処女（おとめ）はお姉さま（ボク）に恋してる,,1/8,Alter,https://alter-web.jp/products/297/
ジョウ,爆裂天使,,1/8,Alter,https://alter-web.jp/products/268/
エイミー,爆裂天使,,1/8,Alter,https://alter-web.jp/products/287/
メグ,爆裂天使,,1/8,Alter,https://alter-web.jp/products/278/
ヒカル　死神装束Ver.,Peace@Pieces,,1/8,Alter,https://alter-web.jp/products/284/
黒セイバー　ドレスVer.,Fate/hollow ataraxia,,1/8,Alter,https://alter-web.jp/products/285/
宮小路 瑞穂,処女（おとめ）はお姉さま（ボク）に恋してる,,1/8,Alter,https://alter-web.jp/products/286/
セイ,爆裂天使,,1/8,Alter,https://alter-web.jp/products/283/
高町なのは,魔法少女リリカルなのはA's,,1/8,Alter,https://alter-web.jp/products/282/
間桐 桜　水着Ver.,Fate/hollow ataraxia,,1/6,Alter,https://alter-web.jp/products/281/
メグ,爆裂天使,,1/8,Alter,https://alter-web.jp/products/278/
聖天使ジブリール アリエス,魔界天使ジブリール -episode2-,,1/8,Alter,https://alter-web.jp/products/279/
ガーネット,ザ・ランブルフィッシュ,,1/7,Alter,https://alter-web.jp/products/280/
セイバー　私服Ver.,Fate/hollow ataraxia,,1/8,Alter,https://alter-web.jp/products/277/
なぎさ,MAID iN HEAVEN SuperS,,1/8,Alter,https://alter-web.jp/products/275/
惣流・アスカ・ラングレー,新世紀エヴァンゲリオン,,1/5,Alter,https://alter-web.jp/products/276/
遠坂 凛　水着Ver.,Fate/hollow ataraxia,,1/6,Alter,https://alter-web.jp/products/272/
ベッキー & メソウサ,ぱにぽにだっしゅ！,,1/8,Alter,https://alter-web.jp/products/273/
Xenosaga　KOS-MOS,ゼノサーガ エピソードI [力への意志],,1/8,Alter,https://alter-web.jp/products/274/
ジョウ,爆裂天使,,1/8,Alter,https://alter-web.jp/products/268/
木ノ下 貴子　水着Ver.,Pia♥キャロットへようこそ!!3,,1/8,Alter,https://alter-web.jp/products/271/
水樹 マイア,光と水のダフネ,,1/6,Alter,https://alter-web.jp/products/269/
アルヴィス・Ｅ・ハミルトン,ラストエグザイル,,1/8,Alter,https://alter-web.jp/products/270/
綾波 レイ,新世紀エヴァンゲリオン,,1/5,Alter,https://alter-web.jp/products/266/
パーシヴァル,グランブルーファンタジー,GRANBLUE FANTASY Percival,1/8,Alter,https://alter-web.jp/products/532/
アーチャー／ギルガメッシュ,Fate/Grand Order,Fate/Grand Order Archer/Gilgamesh,1/8,Alter,https://alter-web.jp/products/521/
冨岡 義勇,テレビアニメ「鬼滅の刃」,Kimetsu No Yaiba Tomioka Giyu,1/8,Alter,https://alter-web.jp/products/522/
キリト,ソードアート・オンライン,SWORD ART ONLINE Kirito,1/7,Alter,https://alter-web.jp/products/493/
セイバー／ガウェイン,Fate/Grand Order,Fate/Grand Order Saber/Gawain,1/8,Alter,https://alter-web.jp/products/487/
キャスター／マーリン,Fate/Grand Order,,1/8,Alter,https://alter-web.jp/products/246/
セイバー／アーサー・ペンドラゴン［プロトタイプ］,Fate/Grand Order,,1/8,Alter,https://alter-web.jp/products/239/
天ヶ瀬 冬馬,アイドルマスター SideM,,1/8,Alter,https://alter-web.jp/products/247/
テイルズ オブ ヴェスペリア　ユーリ・ローウェル　心の中の聖騎士様Ver.＆ラピード,テイルズ オブ ヴェスペリア,,1/8,Alter,https://alter-web.jp/products/238/
アヴェンジャー／巌窟王 エドモン・ダンテス,Fate/Grand Order,,1/8,Alter,https://alter-web.jp/products/228/
テイルズ オブ ベルセリア　アイゼン,テイルズ オブ ベルセリア,,1/8,Alter,https://alter-web.jp/products/219/
ディーオ・エラクレア,ラストエグザイル-銀翼のファム-,,1/8,Alter,https://alter-web.jp/products/205/
テイルズ オブ ゼスティリア ザ クロス　スレイ,テイルズ オブ ゼスティリア ザ クロス,,1/7,Alter,https://alter-web.jp/products/216/
テイルズ オブ ゼスティリア ザ クロス　ミクリオ,テイルズ オブ ゼスティリア ザ クロス,,1/7,Alter,https://alter-web.jp/products/217/
葉月 渚,Free!-Eternal Summer-,,1/8,Alter,https://alter-web.jp/products/210/
竜ヶ崎 怜,Free!-Eternal Summer-,,1/8,Alter,https://alter-web.jp/products/211/
アーチャー,Fate/stay night [Unlimited Blade Works],,1/8,Alter,https://alter-web.jp/products/14/
山崎 宗介,Free!-Eternal Summer-,,1/8,Alter,https://alter-web.jp/products/204/
カミュ,うたの☆プリンスさまっ♪ マジLOVE2000％,,1/8,Alter,https://alter-web.jp/products/194/
朔間 零,あんさんぶるスターズ！,,1/7,Alter,https://alter-web.jp/products/157/
美風 藍,うたの☆プリンスさまっ♪ マジLOVE2000％,,1/8,Alter,https://alter-web.jp/products/186/
七瀬 遙＆橘 真琴,映画 ハイ☆スピード！－Free! Starting Days－,,1/7,Alter,https://alter-web.jp/products/183/
黒崎 蘭丸,うたの☆プリンスさまっ♪ マジLOVE2000％,,1/8,Alter,https://alter-web.jp/products/182/
愛島 セシル,うたの☆プリンスさまっ♪ マジLOVE1000％,,1/8,Alter,https://alter-web.jp/products/184/
寿 嶺二,うたの☆プリンスさまっ♪ マジLOVE2000％,,1/8,Alter,https://alter-web.jp/products/185/
朔間 凛月,あんさんぶるスターズ！,,1/7,Alter,https://alter-web.jp/products/45/
レオナルド・ウォッチ　Ending Ver.,血界戦線,,1/7,Alter,https://alter-web.jp/products/40/
テイルズ オブ エクシリア2　ユリウス・ウィル・クルスニク,テイルズ オブ エクシリア2,,1/8,Alter,https://alter-web.jp/products/46/
テイルズ オブ エクシリア2　ルドガー・ウィル・クルスニク,テイルズ オブ エクシリア2,,1/8,Alter,https://alter-web.jp/products/41/
折原 臨也　サイケデリックVer.,デュラララ!!×2,,1/8,Alter,https://alter-web.jp/products/42/
伏見 猿比古,K MISSING KINGS,,1/8,Alter,https://alter-web.jp/products/13/
八田 美咲,K MISSING KINGS,,1/8,Alter,https://alter-web.jp/products/19/
アーチャー,Fate/stay night [Unlimited Blade Works],,1/8,Alter,https://alter-web.jp/products/14/
七瀬 遙,Free!,,1/8,Alter,https://alter-web.jp/products/116/
橘 真琴,Free!,,1/8,Alter,https://alter-web.jp/products/117/
跡部 景吾,新テニスの王子様,,1/8,Alter,https://alter-web.jp/products/90/
松岡 凛,Free!,,1/8,Alter,https://alter-web.jp/products/84/
折原 臨也　Renewal Ver.,デュラララ!!×2,,1/8,Alter,https://alter-web.jp/products/82/
平和島 静雄　Renewal Ver.,デュラララ!!×2,,1/8,Alter,https://alter-web.jp/products/81/
テイルズ オブ グレイセス エフ　アスベル・ラント,テイルズ オブ グレイセス エフ,,1/8,Alter,https://alter-web.jp/products/79/
テイルズ オブ シンフォニア　ロイド・アーヴィング,テイルズ オブ シンフォニア,,1/8,Alter,https://alter-web.jp/products/74/
テイルズ オブ ジ アビス　ルーク・フォン・ファブレ,テイルズ オブ ジ アビス,,1/8,Alter,https://alter-web.jp/products/162/
四ノ宮 那月,うたの☆プリンスさまっ♪マジLOVE1000％,,1/8,Alter,https://alter-web.jp/products/70/
来栖 翔,うたの☆プリンスさまっ♪マジLOVE1000％,,1/8,Alter,https://alter-web.jp/products/71/
夏目 貴志,夏目友人帳,,1/8,Alter,https://alter-web.jp/products/20/
七瀬 遙,Free!,,1/8,Alter,https://alter-web.jp/products/116/
橘 真琴,Free!,,1/8,Alter,https://alter-web.jp/products/117/
聖川 真斗,うたの☆プリンスさまっ♪マジLOVE1000％,,1/8,Alter,https://alter-web.jp/products/105/
神宮寺 レン,うたの☆プリンスさまっ♪マジLOVE1000％,,1/8,Alter,https://alter-web.jp/products/106/
テイルズ オブ シンフォニア　ゼロス・ワイルダー,テイルズ オブ シンフォニア,,1/8,Alter,https://alter-web.jp/products/97/
一十木 音也,うたの☆プリンスさまっ♪マジLOVE1000％,,1/8,Alter,https://alter-web.jp/products/144/
一ノ瀬 トキヤ,うたの☆プリンスさまっ♪マジLOVE1000％,,1/8,Alter,https://alter-web.jp/products/145/
テイルズ オブ ヴェスペリア　天を射る矢（アルトスク）のレイヴン,テイルズ オブ ヴェスペリア,,1/8,Alter,https://alter-web.jp/products/149/
一十木 音也,うたの☆プリンスさまっ♪マジLOVE1000％,,1/8,Alter,https://alter-web.jp/products/144/
一ノ瀬 トキヤ,うたの☆プリンスさまっ♪マジLOVE1000％,,1/8,Alter,https://alter-web.jp/products/145/
ウェイバー・ベルベット,Fate/Zero,,1/8,Alter,https://alter-web.jp/products/143/
テイルズ オブ エクシリア　ジュード・マティス,テイルズ オブ エクシリア,,1/8,Alter,https://alter-web.jp/products/134/
折原 臨也,デュラララ!!,,1/8,Alter,https://alter-web.jp/products/451/
一方通行（アクセラレータ）,とある魔術の禁書目録（インデックス）Ⅱ,,1/8,Alter,https://alter-web.jp/products/128/
平和島 静雄,デュラララ!!,,1/8,Alter,https://alter-web.jp/products/465/
テイルズ オブ ヴェスペリア　フレン・シーフォ,テイルズ オブ ヴェスペリア,,1/8,Alter,https://alter-web.jp/products/431/
テイルズ オブ ヴェスペリア　ユーリ・ローウェル,テイルズ オブ ヴェスペリア,,1/8,Alter,https://alter-web.jp/products/426/
テイルズ オブ ジ アビス　ルーク・フォン・ファブレ,テイルズ オブ ジ アビス,,1/8,Alter,https://alter-web.jp/products/162/
折原 臨也,デュラララ!!,,1/8,Alter,https://alter-web.jp/products/451/
木ノ瀬 梓,Starry☆Sky　～スタ・スカ～,,1/8,Alter,https://alter-web.jp/products/442/
池沢 佳主馬 & キング・カズマ,サマーウォーズ,,1/8,Alter,https://alter-web.jp/products/435/
テイルズ オブ ヴェスペリア　ユーリ・ローウェル,テイルズ オブ ヴェスペリア,,1/8,Alter,https://alter-web.jp/products/426/
テイルズ オブ ヴェスペリア　フレン・シーフォ,テイルズ オブ ヴェスペリア,,1/8,Alter,https://alter-web.jp/products/431/
テイルズ オブ ヴェスペリア　ユーリ・ローウェル,テイルズ オブ ヴェスペリア,,1/8,Alter,https://alter-web.jp/products/426/
近江 彼方　Special 7ver.,ラブライブ！虹ヶ咲学園スクールアイドル同好会,LoveLive! Nijigasaki High School Idol Club Konoe Kanata,1/7,Alter,https://alter-web.jp/products/519/
アルクェイド・ブリュンスタッド,月姫 -A piece of blue glass moon-,TSUKIHIME-A piece of blue glass moon- Arcueid Brunestud,1/7,Alter,https://alter-web.jp/products/512/
氷堂美智留 ～ランジェリーver.～,冴えない彼女の育てかた♭,,1/7,Alter,https://alter-web.jp/products/500/
ララ・サタリン・デビルーク　水着Ver.,To LOVEる -とらぶる- ダークネス,,1/6,Alter,https://alter-web.jp/products/62/
波島出海 ～ランジェリーver.～,冴えない彼女の育てかた♭,,1/7,Alter,https://alter-web.jp/products/485/
モモ・ベリア・デビルーク　-ベビードール Ver.-,To LOVEる -とらぶる- ダークネス,,1/6,Alter,https://alter-web.jp/products/477/
霞ヶ丘詩羽 ～ランジェリーver.～,冴えない彼女の育てかた♭,,1/7,Alter,https://alter-web.jp/products/259/
澤村・スペンサー・英梨々　～ランジェリーver.～,冴えない彼女の育てかた♭,,1/7,Alter,https://alter-web.jp/products/254/
加藤恵 ～ランジェリーver.～,冴えない彼女の育てかた♭,,1/7,Alter,https://alter-web.jp/products/240/
桜内 梨子　Special 7ver.,ラブライブ！サンシャイン!!,,1/7,Alter,https://alter-web.jp/products/200/
柳生十兵衛　ファイナルブライドVer.,百花繚乱,,1/8,Alter,https://alter-web.jp/products/22/
ララ・サタリン・デビルーク　-パステルコーデ Ver.-,To LOVEる -とらぶる- ダークネス,,1/6,Alter,https://alter-web.jp/products/60/
ララ・サタリン・デビルーク　水着Ver.,To LOVEる -とらぶる- ダークネス,,1/6,Alter,https://alter-web.jp/products/62/
シャルル・ド・ダルタニアン,百花繚乱,,1/8,Alter,https://alter-web.jp/products/55/
上杉景勝,百花繚乱,,1/8,Alter,https://alter-web.jp/products/161/
あんこ ＆ デラ,たまこまーけっと,,1/7,Alter,https://alter-web.jp/products/76/
後藤又兵衛,百花繚乱,,1/8,Alter,https://alter-web.jp/products/459/
真田幸村　Version 2.0,百花繚乱,,1/8,Alter,https://alter-web.jp/products/394/
セイバーオルタ　メイドVer.,Fate/hollow ataraxia,,1/6,Alter,https://alter-web.jp/products/403/
服部半蔵　HJ限定版,百花繚乱,,1/8,Alter,https://alter-web.jp/products/401/
真田幸村,百花繚乱,,1/8,Alter,https://alter-web.jp/products/475/
天城 雪子,ペルソナ４,,1/8,Alter,https://alter-web.jp/products/368/
Xenosaga Ⅲ　KOS-MOS Ver.4,ゼノサーガ エピソードⅢ [ツァラトゥストラはかく語りき],,1/8,Alter,https://alter-web.jp/products/331/
POP WONDERLAND 『赤ずきん』,POP WONDERLAND　 赤ずきん,,1/8,Alter,https://alter-web.jp/products/359/
POP WONDERLAND 『ふしぎの国のアリス』,POP WONDERLAND　 ふしぎの国のアリス,,1/8,Alter,https://alter-web.jp/products/337/
Xenosaga Ⅲ　T-elos,ゼノサーガ エピソードⅢ [ツァラトゥストラはかく語りき],,1/8,Alter,https://alter-web.jp/products/336/
Xenosaga Ⅲ　KOS-MOS Ver.4,ゼノサーガ エピソードⅢ [ツァラトゥストラはかく語りき],,1/8,Alter,https://alter-web.jp/products/331/
一橋 ゆりえ　制服Ver.,かみちゅ！,,1/7,Alter,https://alter-web.jp/products/330/
梓川 月乃　水着Ver.,焼きたて!!ジャぱん,,1/8,Alter,https://alter-web.jp/products/321/
梓川 月乃　パンタジア制服Ver.,焼きたて!!ジャぱん,,1/8,Alter,https://alter-web.jp/products/308/
草薙 素子,攻殻機動隊 S.A.C. 2nd GIG,,1/7,Alter,https://alter-web.jp/products/306/
